state,lat,lon
AK,70.0187,-141.0205
AK,70.1292,-141.7291
AK,70.4515,-144.8163
AK,70.7471,-148.4583
AK,70.7923,-151.1609
AK,71.147,-152.6221
AK,71.1185,-153.9954
AK,71.4307,-154.8853
AK,71.5232,-156.7529
AK,71.2796,-157.9449
AK,71.2249,-159.6313
AK,70.6363,-161.8671
AK,70.0843,-163.5809
AK,69.3028,-165.2399
AK,69.1782,-166.8768
AK,68.3344,-168.0414
AK,67.6844,-165.9155
AK,67.2933,-164.6082
AK,66.7789,-164.0149
AK,66.581,-165.7507
AK,66.2867,-167.5745
AK,66.0269,-168.9862
AK,65.497,-168.9478
AK,65.042,-167.4756
AK,64.3922,-167.0142
AK,64.0554,-165.7343
AK,64.0193,-163.2294
AK,63.9615,-162.1143
AK,63.6877,-163.6029
AK,63.453,-165.3717
AK,62.4133,-166.3715
AK,61.6534,-166.9867
AK,60.8556,-166.4429
AK,60.5357,-167.8381
AK,59.5482,-167.7118
AK,59.4115,-165.8002
AK,59.3696,-164.5972
AK,59.1168,-162.8558
AK,58.1185,-162.5427
AK,58.1359,-160.6421
AK,58.0285,-159.505
AK,57.6336,-158.8953
AK,56.909,-159.906
AK,56.3926,-160.6531
AK,56.2342,-161.8835
AK,55.724,-162.9822
AK,55.2478,-164.3994
AK,54.7753,-165.3168
AK,54.1463,-167.1075
AK,53.5632,-168.5852
AK,53.1402,-169.9146
AK,52.5964,-169.5959
AK,52.9089,-168.2227
AK,54.2139,-162.7734
AK,54.6786,-159.1452
AK,55.6567,-155.4634
AK,57.351,-152.14
AK,59.2209,-150.8203
AK,59.7695,-147.4461
AK,60.3521,-145.985
AK,59.8917,-144.1544
AK,59.8172,-141.6811
AK,59.5225,-140.5124
AK,59.0292,-138.8548
AK,57.9032,-136.8526
AK,56.9157,-136.0725
AK,56.1555,-134.9794
AK,55.3237,-134.0057
AK,54.6341,-133.6418
AK,54.7135,-130.6261
AK,55.2869,-129.993
AK,55.9869,-130.0108
AK,56.1057,-130.1083
AK,56.6086,-131.5887
AK,57.8404,-132.8755
AK,58.7276,-133.8423
AK,59.3108,-134.9121
AK,59.802,-135.4724
AK,59.6039,-136.3445
AK,59.1619,-136.8251
AK,59.2441,-137.6079
AK,60.0902,-139.2119
AK,60.3575,-139.0938
AK,60.1866,-140.0056
AK,60.3059,-140.9999
AK,70.0187,-141.0205
AL,35.0041,-88.1955
AL,34.9918,-85.6068
AL,32.8404,-85.1756
AL,32.2593,-84.8927
AL,32.1535,-85.0342
AL,31.7947,-85.1358
AL,31.52,-85.0438
AL,31.3384,-85.0836
AL,31.2093,-85.107
AL,31.0023,-84.9944
AL,30.9953,-87.6009
AL,30.9423,-87.5926
AL,30.8539,-87.6256
AL,30.6745,-87.4072
AL,30.4404,-87.3688
AL,30.1463,-87.524
AL,30.1546,-88.3864
AL,31.8939,-88.4743
AL,34.8938,-88.1021
AL,34.9479,-88.1721
AL,34.9107,-88.1461
AR,35.0041,-88.1955
AR,34.9918,-85.6068
AR,32.8404,-85.1756
AR,32.2593,-84.8927
AR,32.1535,-85.0342
AR,31.7947,-85.1358
AR,31.52,-85.0438
AR,31.3384,-85.0836
AR,31.2093,-85.107
AR,31.0023,-84.9944
AR,30.9953,-87.6009
AR,30.9423,-87.5926
AR,30.8539,-87.6256
AR,30.6745,-87.4072
AR,30.4404,-87.3688
AR,30.1463,-87.524
AR,30.1546,-88.3864
AR,31.8939,-88.4743
AR,34.8938,-88.1021
AR,34.9479,-88.1721
AR,34.9107,-88.1461
AS,33.0225,-94.0416
AS,33.0075,-91.2057
AS,33.118,-91.1989
AS,33.1824,-91.1041
AS,33.3053,-91.1343
AS,33.4211,-91.1646
AS,33.4337,-91.2263
AS,33.5403,-91.2524
AS,33.6112,-91.1797
AS,33.6855,-91.2524
AS,33.6946,-91.1261
AS,33.7883,-91.1412
AS,33.77,-91.0451
AS,33.8328,-91.0341
AS,33.9399,-91.0863
AS,34.0208,-90.9256
AS,34.0856,-90.9036
AS,34.1345,-90.9586
AS,34.1675,-90.9132
AS,34.138,-90.8501
AS,34.2311,-90.9325
AS,34.3446,-90.6935
AS,34.4409,-90.5603
AS,34.5348,-90.5548
AS,34.5959,-90.5768
AS,34.7213,-90.5301
AS,34.7574,-90.5328
AS,34.878,-90.4546
AS,34.8454,-90.3529
AS,34.869,-90.2911
AS,35.0255,-90.3104
AS,35.1154,-90.2843
AS,35.1323,-90.1772
AS,35.1985,-90.1112
AS,35.2826,-90.1524
AS,35.4383,-90.1332
AS,35.5579,-90.0206
AS,35.674,-89.978
AS,35.7287,-89.9547
AS,35.9169,-89.6594
AS,35.9658,-89.6883
AS,36.0013,-89.713
AS,35.9958,-90.3735
AS,36.1268,-90.2664
AS,36.2875,-90.0934
AS,36.3892,-90.0742
AS,36.418,-90.1511
AS,36.4997,-90.1566
AS,36.4986,-94.6198
AS,35.3801,-94.4412
AS,33.6318,-94.4893
AS,33.6421,-94.4522
AS,33.5597,-94.4
AS,33.5883,-94.2462
AS,33.5872,-94.1885
AS,33.5345,-94.0375
AS,33.4314,-94.043
AS,33.0213,-94.043
AZ,36.9993,-112.5989
AZ,37.0004,-110.863
AZ,37.0004,-109.0475
AZ,31.3325,-109.0503
AZ,31.3325,-111.0718
AZ,32.4935,-114.8126
AZ,32.5184,-114.8099
AZ,32.5827,-114.8044
AZ,32.6246,-114.7992
AZ,32.67,-114.7474
AZ,32.7457,-114.7014
AZ,32.7342,-114.6176
AZ,32.7422,-114.5819
AZ,32.7584,-114.5393
AZ,32.8167,-114.5095
AZ,32.845,-114.4696
AZ,32.9107,-114.4817
AZ,32.9741,-114.4803
AZ,33.0317,-114.5256
AZ,33.0259,-114.6094
AZ,33.0317,-114.6588
AZ,33.0904,-114.7096
AZ,33.2065,-114.6849
AZ,33.2846,-114.722
AZ,33.3546,-114.6973
AZ,33.4051,-114.7258
AZ,33.412,-114.6533
AZ,33.5016,-114.5888
AZ,33.5317,-114.5599
AZ,33.6306,-114.5187
AZ,33.6786,-114.5297
AZ,33.7083,-114.494
AZ,33.7609,-114.5036
AZ,33.8157,-114.5284
AZ,33.8545,-114.5325
AZ,33.9285,-114.538
AZ,33.953,-114.5235
AZ,34.0049,-114.4748
AZ,34.0299,-114.4308
AZ,34.0891,-114.4363
AZ,34.1357,-114.3526
AZ,34.172,-114.2908
AZ,34.2044,-114.2255
AZ,34.2595,-114.1685
AZ,34.2572,-114.1301
AZ,34.3037,-114.1397
AZ,34.3664,-114.2276
AZ,34.4012,-114.2633
AZ,34.4534,-114.3388
AZ,34.493,-114.3608
AZ,34.5292,-114.3811
AZ,34.5959,-114.4377
AZ,34.6547,-114.4569
AZ,34.7506,-114.5297
AZ,34.8172,-114.5847
AZ,34.8724,-114.6341
AZ,34.949,-114.6313
AZ,35.0342,-114.6351
AZ,35.1019,-114.6451
AZ,35.1233,-114.619
AZ,35.1716,-114.5682
AZ,35.3364,-114.5984
AZ,35.4506,-114.6643
AZ,35.578,-114.6753
AZ,35.6171,-114.6547
AZ,35.6528,-114.6918
AZ,35.7053,-114.7028
AZ,35.805,-114.7093
AZ,35.8679,-114.6602
AZ,35.9836,-114.7426
AZ,36.0891,-114.7536
AZ,36.1124,-114.6794
AZ,36.1423,-114.6327
AZ,36.1301,-114.4872
AZ,36.1445,-114.369
AZ,36.0746,-114.3038
AZ,36.0602,-114.3172
AZ,36.0163,-114.2451
AZ,36.0402,-114.1438
AZ,36.0979,-114.115
AZ,36.1101,-114.1274
AZ,36.119,-114.1054
AZ,36.1989,-114.0463
AZ,36.3638,-114.045
AZ,37.0001,-114.0508
CA,41.9983,-124.4009
CA,42.0024,-123.6237
CA,42.0126,-123.1526
CA,42.0075,-122.0073
CA,41.9962,-121.2369
CA,41.9983,-119.9982
CA,39.0021,-120.0037
CA,37.5555,-117.9575
CA,36.3594,-116.3699
CA,35.0075,-114.6368
CA,34.9659,-114.6382
CA,34.9107,-114.6286
CA,34.8758,-114.6382
CA,34.8454,-114.597
CA,34.789,-114.5682
CA,34.7269,-114.4968
CA,34.6648,-114.4501
CA,34.6581,-114.4597
CA,34.5869,-114.4322
CA,34.5235,-114.3787
CA,34.4601,-114.3869
CA,34.45,-114.3361
CA,34.4375,-114.3031
CA,34.4024,-114.2674
CA,34.3559,-114.1864
CA,34.3049,-114.1383
CA,34.2561,-114.1315
CA,34.2595,-114.1651
CA,34.2044,-114.2249
CA,34.1914,-114.2221
CA,34.172,-114.2908
CA,34.1368,-114.3237
CA,34.1186,-114.3622
CA,34.1118,-114.4089
CA,34.0856,-114.4363
CA,34.0276,-114.4336
CA,34.0117,-114.4652
CA,33.9582,-114.5119
CA,33.9308,-114.5366
CA,33.9058,-114.5091
CA,33.8613,-114.5256
CA,33.8248,-114.5215
CA,33.7597,-114.505
CA,33.7083,-114.494
CA,33.6832,-114.5284
CA,33.6363,-114.5242
CA,33.5895,-114.5393
CA,33.5528,-114.5242
CA,33.5311,-114.5586
CA,33.507,-114.5778
CA,33.4418,-114.6245
CA,33.4142,-114.6506
CA,33.4039,-114.7055
CA,33.3546,-114.6973
CA,33.3041,-114.7302
CA,33.2858,-114.7206
CA,33.2754,-114.6808
CA,33.2582,-114.6698
CA,33.2467,-114.6904
CA,33.172,-114.6794
CA,33.0904,-114.7083
CA,33.0858,-114.6918
CA,33.0328,-114.6629
CA,33.0501,-114.6451
CA,33.0305,-114.6286
CA,33.0282,-114.5888
CA,33.0351,-114.575
CA,33.0328,-114.5174
CA,32.9718,-114.4913
CA,32.9764,-114.4775
CA,32.9372,-114.4844
CA,32.8427,-114.4679
CA,32.8161,-114.5091
CA,32.785,-114.5311
CA,32.7573,-114.5284
CA,32.7503,-114.5641
CA,32.7353,-114.6162
CA,32.748,-114.6986
CA,32.7191,-114.722
CA,32.6868,-115.1944
CA,32.5121,-117.3395
CA,32.7838,-117.4823
CA,33.0501,-117.5977
CA,33.2341,-117.6814
CA,33.4578,-118.0591
CA,33.5403,-118.629
CA,33.7928,-118.7073
CA,33.9582,-119.3706
CA,34.1925,-120.005
CA,34.2561,-120.7164
CA,34.536,-120.9128
CA,34.9749,-120.8427
CA,35.2131,-121.1325
CA,35.5255,-121.322
CA,35.9691,-121.8013
CA,36.2808,-122.1446
CA,36.7268,-122.1721
CA,37.2227,-122.6871
CA,37.7783,-122.8903
CA,37.8965,-123.2378
CA,38.3449,-123.3202
CA,38.7423,-123.8338
CA,38.9946,-123.9793
CA,39.3088,-124.0329
CA,39.7642,-124.0823
CA,40.1663,-124.5314
CA,40.4658,-124.6509
CA,41.011,-124.3144
CA,41.2386,-124.3419
CA,41.717,-124.4545
CA,41.9983,-124.4009
CO,37.0004,-109.0448
CO,36.9949,-102.0424
CO,41.0006,-102.0534
CO,40.9996,-109.0489
CO,37.0004,-109.0448
CT,42.0498,-73.4875
CT,42.0511,-73.4247
CT,42.0371,-72.8146
CT,41.9983,-72.8174
CT,42.0044,-72.7638
CT,42.036,-72.7563
CT,42.0368,-72.6945
CT,42.0309,-72.6086
CT,42.0269,-72.6059
CT,42.0269,-72.5784
CT,42.035,-72.5729
CT,42.035,-72.4026
CT,42.0248,-71.7984
CT,41.6832,-71.7874
CT,41.4165,-71.7984
CT,41.3892,-71.8341
CT,41.3273,-71.8526
CT,41.3309,-71.8938
CT,41.3103,-71.9302
CT,41.2907,-72.0195
CT,41.2618,-72.0827
CT,41.1962,-72.4322
CT,41.0866,-73.0007
CT,41.0255,-73.2493
CT,40.9509,-73.6132
CT,40.983,-73.6606
CT,41.0338,-73.6723
CT,41.1011,-73.7272
CT,41.2153,-73.4834
CT,41.2953,-73.5507
CT,41.4906,-73.5329
CT,42.0493,-73.4875
DE,39.7188,-75.7919
DE,39.521,-75.7837
DE,38.9081,-75.7288
DE,38.5911,-75.7068
DE,38.46,-75.6944
DE,38.4482,-74.8608
DE,38.8654,-74.8526
DE,38.8451,-75.0504
DE,39.0565,-75.1678
DE,39.2525,-75.3236
DE,39.3662,-75.461
DE,39.4542,-75.5592
DE,39.4908,-75.5578
DE,39.5713,-75.5118
DE,39.6284,-75.5557
DE,39.8106,-75.3937
DE,39.8249,-75.4692
DE,39.8296,-75.6477
DE,39.7199,-75.7906
FL,30.9988,-87.605
FL,30.9964,-86.5613
FL,31.0035,-85.5313
FL,31.0012,-85.1193
FL,31.0023,-85.0012
FL,30.9364,-84.9847
FL,30.8845,-84.9367
FL,30.8409,-84.9271
FL,30.7902,-84.9257
FL,30.7489,-84.9147
FL,30.6993,-84.8611
FL,30.6911,-84.4272
FL,30.6509,-83.5991
FL,30.5895,-82.5595
FL,30.5682,-82.2134
FL,30.5315,-82.2134
FL,30.3883,-82.1997
FL,30.3598,-82.1544
FL,30.3598,-82.0638
FL,30.4877,-82.0226
FL,30.6308,-82.0473
FL,30.6757,-82.0514
FL,30.7111,-82.0377
FL,30.7371,-82.0514
FL,30.7678,-82.0102
FL,30.7914,-82.0322
FL,30.7997,-81.9717
FL,30.8244,-81.9608
FL,30.8056,-81.8893
FL,30.7914,-81.8372
FL,30.7796,-81.796
FL,30.7536,-81.6696
FL,30.7289,-81.6051
FL,30.7324,-81.5666
FL,30.7229,-81.5295
FL,30.7253,-81.4856
FL,30.7111,-81.4609
FL,30.7088,-81.4169
FL,30.7064,-81.2274
FL,30.4345,-81.2357
FL,30.316,-81.1725
FL,29.7763,-81.0379
FL,28.8603,-80.5861
FL,28.4771,-80.365
FL,28.1882,-80.3815
FL,27.1789,-79.9255
FL,26.8425,-79.8198
FL,26.1394,-79.9118
FL,25.5115,-79.9997
FL,24.8802,-80.3815
FL,24.5384,-80.8704
FL,24.3959,-81.925
FL,24.4496,-82.2066
FL,24.5484,-82.3137
FL,24.6982,-82.1997
FL,25.2112,-81.3977
FL,25.6019,-81.4622
FL,25.9235,-81.9456
FL,26.3439,-82.2876
FL,26.9098,-82.5307
FL,27.3315,-82.8342
FL,27.7565,-83.0182
FL,28.0574,-83.0017
FL,28.6098,-82.8548
FL,28.9697,-83.0264
FL,29.0478,-83.205
FL,29.4157,-83.5318
FL,29.9133,-83.9767
FL,29.893,-84.1072
FL,29.694,-84.4409
FL,29.4551,-85.0465
FL,29.4946,-85.361
FL,29.7262,-85.5807
FL,30.1594,-86.1946
FL,30.2175,-86.851
FL,30.1499,-87.5171
FL,30.3006,-87.4429
FL,30.4256,-87.375
FL,30.483,-87.3743
FL,30.5658,-87.3907
FL,30.6344,-87.4004
FL,30.6763,-87.4141
FL,30.7702,-87.5253
FL,30.8527,-87.6256
FL,30.947,-87.5912
FL,30.9682,-87.5912
FL,30.9964,-87.605
GA,34.9974,-85.6082
GA,34.9906,-84.7266
GA,34.9895,-84.158
GA,34.9996,-83.1088
GA,34.9287,-83.1418
GA,34.8318,-83.3025
GA,34.7281,-83.356
GA,34.6569,-83.308
GA,34.5744,-83.1528
GA,34.4839,-83.0072
GA,34.4681,-82.8918
GA,34.4443,-82.8589
GA,34.2674,-82.749
GA,34.1254,-82.6831
GA,34.014,-82.5952
GA,33.8647,-82.3988
GA,33.7563,-82.2505
GA,33.6695,-82.2217
GA,33.5963,-82.1558
GA,33.5036,-82.0432
GA,33.3707,-81.9484
GA,33.2077,-81.8303
GA,33.1674,-81.7795
GA,33.1456,-81.7424
GA,33.0881,-81.6078
GA,33.0075,-81.5034
GA,32.9418,-81.5089
GA,32.6914,-81.4142
GA,32.5815,-81.4087
GA,32.5283,-81.2769
GA,32.4576,-81.1945
GA,32.3185,-81.1642
GA,32.2151,-81.1436
GA,32.1128,-81.1134
GA,32.0477,-80.9225
GA,32.05,-80.696
GA,31.8881,-80.7289
GA,31.4697,-80.9665
GA,30.9988,-81.1011
GA,30.7041,-81.2288
GA,30.7241,-81.6023
GA,30.7713,-81.7657
GA,30.8221,-81.9498
GA,30.756,-82.0239
GA,30.6379,-82.0459
GA,30.4866,-82.0239
GA,30.4309,-82.0363
GA,30.3575,-82.061
GA,30.3598,-82.1585
GA,30.3859,-82.2025
GA,30.4842,-82.2148
GA,30.5682,-82.2162
GA,30.6131,-82.9688
GA,30.7041,-84.8639
GA,30.7831,-84.9257
GA,30.9117,-84.9586
GA,30.9741,-84.9985
GA,31.1282,-85.063
GA,31.2116,-85.107
GA,31.5247,-85.0493
GA,31.8006,-85.1358
GA,31.9592,-85.0919
GA,32.157,-85.0342
GA,32.25,-84.9023
GA,32.3974,-84.9628
GA,32.5468,-85.0342
GA,32.6949,-85.1001
GA,32.8138,-85.166
GA,32.9833,-85.2072
GA,33.6512,-85.3418
GA,34.562,-85.5231
GA,34.9929,-85.6068
HI,19.5158,-154.6284
HI,19.8894,-154.8235
HI,20.1849,-155.0391
HI,20.391,-155.5952
HI,20.8614,-155.793
HI,21.0948,-156.1858
HI,21.3597,-156.6595
HI,21.4748,-157.1182
HI,21.5515,-157.5247
HI,21.8832,-157.8186
HI,22.3386,-159.218
HI,22.3374,-159.7508
HI,22.1493,-160.1422
HI,21.8857,-160.3922
HI,21.6025,-160.3249
HI,21.7276,-159.9939
HI,21.6932,-159.4295
HI,21.1037,-158.1784
HI,20.8152,-157.4629
HI,20.6803,-157.2171
HI,20.3408,-156.8285
HI,20.2931,-156.5456
HI,20.1643,-156.1418
HI,19.9308,-156.2393
HI,19.2826,-156.1432
HI,18.9881,-156.1212
HI,18.71,-155.712
HI,18.8829,-155.3673
HI,19.2048,-154.8839
HI,19.5158,-154.6271
IA,40.5848,-95.7623
IA,40.5785,-93.5445
IA,40.6129,-91.7372
IA,40.5545,-91.6768
IA,40.5451,-91.6246
IA,40.3622,-91.4365
IA,40.4637,-91.3623
IA,40.5482,-91.4021
IA,40.6931,-91.1124
IA,40.8107,-91.1028
IA,40.9218,-90.9668
IA,41.1642,-91.0121
IA,41.2406,-91.1082
IA,41.4067,-91.0451
IA,41.451,-90.7086
IA,41.5178,-90.4793
IA,41.5908,-90.3419
IA,41.7457,-90.2788
IA,41.8164,-90.2074
IA,41.9023,-90.1538
IA,42.0962,-90.1744
IA,42.1441,-90.2692
IA,42.2905,-90.4298
IA,42.4093,-90.537
IA,42.5217,-90.64
IA,42.636,-90.7127
IA,42.6956,-90.7883
IA,42.7712,-91.0533
IA,42.8448,-91.0904
IA,42.9082,-91.1398
IA,43.0609,-91.1549
IA,43.1391,-91.1522
IA,43.2882,-91.0547
IA,43.3322,-91.2057
IA,43.414,-91.2236
IA,43.5008,-91.2305
IA,43.4998,-96.5973
IA,43.4818,-96.611
IA,43.3871,-96.5245
IA,43.2232,-96.5533
IA,43.1301,-96.4421
IA,42.9243,-96.5479
IA,42.7188,-96.6357
IA,42.6158,-96.5561
IA,42.5055,-96.4847
IA,42.4599,-96.3995
IA,42.3667,-96.405
IA,42.2722,-96.3446
IA,42.2051,-96.3625
IA,41.9983,-96.2416
IA,41.9513,-96.1372
IA,41.7662,-96.0741
IA,41.6267,-96.0988
IA,41.4561,-95.9477
IA,41.2819,-95.8804
IA,41.0338,-95.8653
IA,40.8346,-95.8365
IA,40.6775,-95.8461
IA,40.5837,-95.761
ID,49.0,-117.0319
ID,49.0018,-116.0486
ID,47.9752,-116.0445
ID,47.5765,-115.6915
ID,47.5487,-115.7574
ID,47.4239,-115.7595
ID,47.3109,-115.535
ID,47.2606,-115.3235
ID,47.1888,-115.2878
ID,47.1542,-115.2493
ID,46.9728,-115.0433
ID,46.8677,-114.9472
ID,46.7201,-114.7865
ID,46.6984,-114.7549
ID,46.6325,-114.5874
ID,46.6325,-114.4638
ID,46.6466,-114.3279
ID,46.5135,-114.343
ID,46.453,-114.3896
ID,46.3488,-114.4144
ID,46.2682,-114.4611
ID,46.1227,-114.5105
ID,45.8585,-114.4418
ID,45.7742,-114.5654
ID,45.6745,-114.5229
ID,45.5621,-114.5654
ID,45.5439,-114.4666
ID,45.4601,-114.3375
ID,45.5468,-114.2441
ID,45.5631,-114.1342
ID,45.6889,-113.9708
ID,45.6102,-113.8403
ID,45.4409,-113.7978
ID,45.272,-113.7085
ID,45.026,-113.4256
ID,44.9405,-113.4998
ID,44.7887,-113.3459
ID,44.8062,-113.2471
ID,44.735,-113.118
ID,44.4887,-113.0246
ID,44.3592,-112.8502
ID,44.4151,-112.831
ID,44.4887,-112.7266
ID,44.4504,-112.3901
ID,44.5347,-112.327
ID,44.522,-112.1127
ID,44.5582,-111.8848
ID,44.5132,-111.8271
ID,44.5396,-111.4645
ID,44.6198,-111.5057
ID,44.7292,-111.3684
ID,44.4759,-111.0539
ID,43.8623,-111.0471
ID,42.0013,-111.0471
ID,41.9962,-112.1663
ID,41.9871,-113.8458
ID,41.9942,-114.0422
ID,42.0013,-114.8222
ID,41.9973,-115.9126
ID,41.9962,-117.014
ID,42.0013,-117.0264
ID,43.782,-117.0277
ID,43.833,-117.0325
ID,43.8632,-117.003
ID,43.9073,-116.9776
ID,44.0244,-116.9302
ID,44.0491,-116.9735
ID,44.1014,-116.933
ID,44.1561,-116.8945
ID,44.1965,-116.9714
ID,44.2442,-116.981
ID,44.2486,-117.0339
ID,44.2304,-117.0525
ID,44.2585,-117.0895
ID,44.2806,-117.1122
ID,44.259,-117.1541
ID,44.2973,-117.2255
ID,44.3445,-117.1994
ID,44.3813,-117.2372
ID,44.4769,-117.2269
ID,44.5234,-117.1836
ID,44.5376,-117.1458
ID,44.7423,-117.0442
ID,44.7921,-116.9316
ID,44.8568,-116.898
ID,44.9356,-116.8327
ID,44.9624,-116.8513
ID,44.9896,-116.8554
ID,45.0313,-116.8417
ID,45.0968,-116.7819
ID,45.1627,-116.7229
ID,45.2178,-116.7105
ID,45.3213,-116.6741
ID,45.3984,-116.6185
ID,45.4433,-116.5883
ID,45.463,-116.5553
ID,45.5371,-116.5334
ID,45.614,-116.464
ID,45.6904,-116.5354
ID,45.734,-116.5354
ID,45.7541,-116.5594
ID,45.7843,-116.6357
ID,45.7781,-116.5965
ID,45.7805,-116.6597
ID,45.8259,-116.7105
ID,45.8159,-116.7586
ID,45.8341,-116.7908
ID,45.8642,-116.8046
ID,45.9053,-116.8595
ID,45.9545,-116.8739
ID,45.9769,-116.8925
ID,46.0218,-116.9302
ID,46.0932,-116.9838
ID,46.1385,-116.9344
ID,46.1727,-116.9268
ID,46.2007,-116.9646
ID,46.2435,-116.9591
ID,46.2782,-116.992
ID,46.3152,-117.0209
ID,46.3446,-117.0511
ID,46.427,-117.0408
ID,46.9451,-117.0394
ID,48.9996,-117.0319
IL,42.5116,-90.629
IL,42.4924,-87.0213
IL,41.7641,-87.2067
IL,41.7611,-87.5226
IL,39.6417,-87.5336
IL,39.3566,-87.5308
IL,39.1386,-87.6517
IL,38.9445,-87.5157
IL,38.7294,-87.5047
IL,38.6115,-87.6146
IL,38.4944,-87.6544
IL,38.374,-87.778
IL,38.2856,-87.8371
IL,38.2414,-87.9758
IL,38.1454,-87.9291
IL,37.9788,-88.0225
IL,37.89,-88.0458
IL,37.7881,-88.0321
IL,37.6349,-88.1529
IL,37.5097,-88.0609
IL,37.4149,-88.4152
IL,37.2828,-88.5086
IL,37.1428,-88.4221
IL,37.0585,-88.499
IL,37.1428,-88.7256
IL,37.2128,-88.9453
IL,37.1559,-89.0689
IL,37.0376,-89.165
IL,36.9894,-89.2873
IL,37.1505,-89.4356
IL,37.2762,-89.5345
IL,37.3996,-89.4315
IL,37.6936,-89.5358
IL,37.9767,-89.967
IL,38.2587,-90.379
IL,38.6169,-90.2376
IL,38.7573,-90.1744
IL,38.8247,-90.1167
IL,38.8846,-90.1799
IL,38.968,-90.4504
IL,38.8654,-90.5905
IL,39.0405,-90.7086
IL,39.2301,-90.7306
IL,39.3173,-90.835
IL,39.3853,-90.9338
IL,39.5559,-91.1398
IL,39.7262,-91.3554
IL,39.857,-91.4406
IL,39.994,-91.4941
IL,40.1694,-91.512
IL,40.3497,-91.4667
IL,40.4166,-91.3939
IL,40.5566,-91.4021
IL,40.6265,-91.2524
IL,40.6963,-91.1151
IL,40.8232,-91.089
IL,40.9312,-90.9792
IL,41.1642,-91.0162
IL,41.2355,-91.1055
IL,41.417,-91.0368
IL,41.4458,-90.8487
IL,41.4417,-90.7251
IL,41.5816,-90.3516
IL,41.7713,-90.2637
IL,41.9023,-90.1538
IL,42.0819,-90.1758
IL,42.2021,-90.3598
IL,42.2936,-90.4395
IL,42.4032,-90.5356
IL,42.4843,-90.6564
IN,41.7611,-87.5253
IN,41.7611,-84.809
IN,39.0981,-84.8199
IN,39.0533,-84.8927
IN,38.8996,-84.8625
IN,38.8312,-84.8268
IN,38.7841,-84.8145
IN,38.7905,-84.8941
IN,38.7809,-84.9861
IN,38.6877,-85.1797
IN,38.7198,-85.442
IN,38.5653,-85.4091
IN,38.4461,-85.5986
IN,38.2695,-85.751
IN,38.2824,-85.8266
IN,38.2414,-85.8376
IN,38.0967,-85.9035
IN,38.0232,-85.92
IN,37.9594,-86.0477
IN,38.0102,-86.0944
IN,38.0578,-86.2729
IN,38.0935,-86.2811
IN,38.1346,-86.2729
IN,38.1842,-86.3704
IN,38.0416,-86.5187
IN,37.9193,-86.5874
IN,37.8402,-86.6409
IN,37.9085,-86.6478
IN,37.9085,-86.6876
IN,37.9821,-86.8236
IN,37.9464,-86.9019
IN,37.9009,-87.0392
IN,37.7924,-87.1394
IN,37.9464,-87.4429
IN,37.9756,-87.5885
IN,37.9225,-87.6283
IN,37.8694,-87.6915
IN,37.9236,-87.8879
IN,37.7718,-87.962
IN,37.787,-88.0321
IN,37.8092,-88.0376
IN,37.8011,-88.0643
IN,37.8206,-88.0925
IN,37.8223,-88.0451
IN,37.8483,-88.0575
IN,37.9041,-88.098
IN,37.9307,-88.0705
IN,37.9561,-88.0369
IN,37.9669,-88.0122
IN,38.0102,-88.0259
IN,38.0384,-88.0417
IN,38.053,-88.0005
IN,38.0762,-87.9607
IN,38.1,-88.0163
IN,38.1313,-87.971
IN,38.1497,-87.9284
IN,38.1734,-87.9387
IN,38.1939,-87.973
IN,38.2349,-87.9813
IN,38.2608,-87.9421
IN,38.2759,-87.8604
IN,38.3029,-87.8302
IN,38.3233,-87.835
IN,38.3567,-87.8137
IN,38.3767,-87.7739
IN,38.4116,-87.7444
IN,38.5149,-87.6448
IN,38.546,-87.6723
IN,38.5949,-87.6105
IN,38.5986,-87.6242
IN,38.6828,-87.5343
IN,38.7284,-87.5075
IN,38.7696,-87.4972
IN,38.8247,-87.5322
IN,38.9039,-87.5171
IN,38.9413,-87.5253
IN,38.9712,-87.5281
IN,38.9872,-87.5761
IN,39.0906,-87.6228
IN,39.1066,-87.6517
IN,39.1365,-87.6599
IN,39.1695,-87.6366
IN,39.2493,-87.5899
IN,39.3492,-87.5336
IN,41.76,-87.5253
KS,40.0034,-102.0506
KS,40.0034,-102.0506
KS,36.9927,-102.0438
KS,36.9982,-94.6211
KS,38.8803,-94.6046
KS,39.0789,-94.6143
KS,39.1971,-94.6184
KS,39.1673,-94.7255
KS,39.2759,-94.8793
KS,39.5612,-95.099
KS,39.7283,-94.8807
KS,39.8286,-94.893
KS,39.8823,-94.9342
KS,39.8971,-95.0098
KS,39.876,-95.0922
KS,39.9445,-95.2213
KS,40.0087,-95.3036
KS,40.0024,-102.0506
KY,36.4986,-89.5372
KY,36.5074,-89.301
KY,36.5008,-88.6871
KY,36.4931,-88.0568
KY,36.6695,-88.0692
KY,36.6343,-87.8535
KY,36.6265,-86.5654
KY,36.5979,-83.6375
KY,36.686,-83.3423
KY,36.7466,-83.1377
KY,36.9762,-82.8589
KY,37.2894,-82.3192
KY,37.4934,-82.0308
KY,37.6653,-82.2121
KY,37.8618,-82.4016
KY,37.9908,-82.5073
KY,38.1778,-82.6392
KY,38.3761,-82.5952
KY,38.503,-82.7477
KY,38.5825,-82.8369
KY,38.7316,-82.9015
KY,38.7027,-83.0196
KY,38.619,-83.1418
KY,38.5986,-83.2819
KY,38.6941,-83.5291
KY,38.6351,-83.6595
KY,38.7487,-83.893
KY,38.7701,-84.044
KY,38.8119,-84.2184
KY,38.9872,-84.3228
KY,39.1013,-84.4917
KY,39.1183,-84.6277
KY,39.1439,-84.7554
KY,39.0523,-84.8914
KY,38.9263,-84.8735
KY,38.7894,-84.8131
KY,38.7691,-84.9957
KY,38.6866,-85.1921
KY,38.7209,-85.4407
KY,38.5653,-85.4077
KY,38.4461,-85.5972
KY,38.2748,-85.7455
KY,38.2716,-85.8087
KY,38.2069,-85.865
KY,38.0286,-85.9323
KY,37.955,-86.0422
KY,38.0135,-86.1108
KY,38.0643,-86.2756
KY,38.1389,-86.277
KY,38.1864,-86.369
KY,38.0308,-86.5283
KY,37.9204,-86.5874
KY,37.8423,-86.6423
KY,37.9041,-86.6547
KY,37.9864,-86.825
KY,37.9095,-87.0406
KY,37.7935,-87.1381
KY,37.942,-87.4168
KY,37.9745,-87.5858
KY,37.8749,-87.6929
KY,37.9215,-87.8906
KY,37.7761,-87.9552
KY,37.7903,-88.0307
KY,37.6479,-88.1584
KY,37.5097,-88.0664
KY,37.4193,-88.418
KY,37.2784,-88.5086
KY,37.1428,-88.4248
KY,37.0738,-88.5059
KY,37.1461,-88.7421
KY,37.2249,-88.9522
KY,37.1406,-89.0964
KY,37.0278,-89.1815
KY,36.9488,-89.1032
KY,36.8214,-89.1733
KY,36.7411,-89.1925
KY,36.6265,-89.2007
KY,36.5449,-89.2529
KY,36.6232,-89.3518
KY,36.4986,-89.5345
LA,33.0225,-94.043
LA,33.0179,-93.0048
LA,33.0087,-91.1646
LA,32.9269,-91.2209
LA,32.8773,-91.122
LA,32.8358,-91.1481
LA,32.7642,-91.1412
LA,32.6382,-91.1536
LA,32.5804,-91.1069
LA,32.6093,-91.008
LA,32.4588,-91.0904
LA,32.4379,-91.0355
LA,32.3742,-91.0286
LA,32.315,-90.9064
LA,32.2616,-90.9723
LA,32.1942,-91.0464
LA,32.1198,-91.0739
LA,32.0593,-91.0464
LA,31.9918,-91.1014
LA,31.9498,-91.1865
LA,31.8262,-91.3101
LA,31.7947,-91.3527
LA,31.623,-91.3925
LA,31.6218,-91.5134
LA,31.5668,-91.431
LA,31.513,-91.5161
LA,31.3701,-91.5244
LA,31.2598,-91.5477
LA,31.2692,-91.6425
LA,31.2328,-91.6603
LA,31.1917,-91.5848
LA,31.1047,-91.6287
LA,31.0318,-91.5614
LA,30.9988,-91.6397
LA,31.0012,-89.7336
LA,30.6686,-89.8517
LA,30.5386,-89.7858
LA,30.3148,-89.6347
LA,30.1807,-89.5688
LA,30.1582,-89.496
LA,30.214,-89.1843
LA,30.1463,-89.0373
LA,30.0905,-88.8354
LA,29.8383,-88.7421
LA,29.5758,-88.8712
LA,29.1833,-88.9371
LA,28.9649,-89.0359
LA,28.8832,-89.2282
LA,28.9048,-89.4754
LA,29.121,-89.7418
LA,28.9529,-90.1126
LA,28.912,-90.6619
LA,28.9553,-91.0355
LA,29.121,-91.3211
LA,29.2864,-91.9061
LA,29.436,-92.7452
LA,29.6009,-93.8177
LA,29.6749,-93.8631
LA,29.737,-93.8933
LA,29.793,-93.9304
LA,29.8216,-93.9276
LA,29.8883,-93.837
LA,29.9811,-93.7985
LA,30.0144,-93.7601
LA,30.0691,-93.7106
LA,30.0929,-93.7354
LA,30.1166,-93.6996
LA,30.1997,-93.7271
LA,30.2899,-93.7106
LA,30.335,-93.7656
LA,30.3871,-93.7601
LA,30.4416,-93.6914
LA,30.5102,-93.7106
LA,30.5433,-93.7463
LA,30.5954,-93.7106
LA,30.5906,-93.6914
LA,30.6545,-93.6859
LA,30.6781,-93.6365
LA,30.7513,-93.62
LA,30.789,-93.5925
LA,30.815,-93.5513
LA,30.8645,-93.5623
LA,30.8881,-93.5788
LA,30.9187,-93.5541
LA,30.9423,-93.5294
LA,31.0082,-93.576
LA,31.0318,-93.5101
LA,31.0906,-93.5596
LA,31.1211,-93.5321
LA,31.1799,-93.5349
LA,31.1658,-93.5953
LA,31.2292,-93.6282
LA,31.2668,-93.6118
LA,31.3044,-93.6859
LA,31.3888,-93.6694
LA,31.424,-93.7051
LA,31.4427,-93.6859
LA,31.4755,-93.7573
LA,31.5083,-93.7189
LA,31.5411,-93.804
LA,31.6113,-93.8425
LA,31.6581,-93.8205
LA,31.7071,-93.7985
LA,31.8029,-93.848
LA,31.8892,-93.9029
LA,31.9149,-93.9606
LA,32.0081,-94.043
LA,32.7041,-94.043
LA,33.0225,-94.043
MA,42.0003,-72.7789
MA,42.033,-72.7405
MA,42.033,-72.3779
MA,42.0228,-71.7984
MA,42.0085,-71.8011
MA,42.0197,-71.385
MA,41.8961,-71.3837
MA,41.8982,-71.3411
MA,41.8358,-71.337
MA,41.8245,-71.3493
MA,41.7816,-71.3342
MA,41.7529,-71.2628
MA,41.6719,-71.1914
MA,41.6616,-71.1351
MA,41.6124,-71.1433
MA,41.5939,-71.131
MA,41.4973,-71.1214
MA,41.3149,-71.0266
MA,41.159,-70.8316
MA,41.1662,-69.9225
MA,41.3201,-69.7948
MA,41.8133,-69.7398
MA,42.1939,-70.0337
MA,42.2173,-70.5144
MA,42.4133,-70.6984
MA,42.642,-70.3647
MA,42.8286,-70.4759
MA,42.876,-70.6133
MA,42.8619,-70.844
MA,42.889,-70.9154
MA,42.8075,-71.0651
MA,42.8226,-71.1337
MA,42.7873,-71.1859
MA,42.7369,-71.1832
MA,42.747,-71.2189
MA,42.74,-71.256
MA,42.6986,-71.2985
MA,42.7127,-71.9151
MA,42.7309,-72.5441
MA,42.745,-73.2541
MA,42.746,-73.2664
MA,42.546,-73.3406
MA,42.2671,-73.4436
MA,42.1349,-73.4917
MA,42.088,-73.5081
MA,42.0483,-73.4985
MA,42.0452,-73.1841
MA,42.0371,-72.8146
MA,41.9962,-72.816
MA,42.0024,-72.7803
MD,39.722,-79.4778
MD,39.722,-78.36
MD,39.722,-75.7878
MD,39.5655,-75.7809
MD,39.3152,-75.7617
MD,38.9498,-75.7329
MD,38.4611,-75.6944
MD,38.4482,-74.8581
MD,38.02,-74.9721
MD,38.0275,-75.2316
MD,37.9962,-75.6079
MD,37.9951,-75.623
MD,37.9464,-75.6436
MD,37.9529,-75.7288
MD,37.9117,-75.8084
MD,37.9095,-75.9512
MD,37.9464,-75.943
MD,37.9529,-76.0584
MD,37.8889,-76.2396
MD,37.9474,-76.3454
MD,37.9669,-76.4154
MD,38.0146,-76.4703
MD,38.0275,-76.517
MD,38.0751,-76.5363
MD,38.1464,-76.6063
MD,38.1616,-76.6928
MD,38.167,-76.7601
MD,38.1637,-76.8494
MD,38.208,-76.9482
MD,38.2748,-76.9908
MD,38.3093,-77.0306
MD,38.3761,-77.0114
MD,38.4009,-77.043
MD,38.3697,-77.0897
MD,38.3697,-77.1432
MD,38.332,-77.2627
MD,38.4525,-77.3135
MD,38.5514,-77.2737
MD,38.5954,-77.249
MD,38.6373,-77.1281
MD,38.6737,-77.1378
MD,38.7112,-77.076
MD,38.7187,-77.0361
MD,38.7766,-77.0416
MD,38.8451,-77.032
MD,38.9025,-77.0708
MD,38.957,-77.1395
MD,38.9773,-77.2335
MD,39.024,-77.2462
MD,39.0634,-77.3431
MD,39.0717,-77.4351
MD,39.0792,-77.4636
MD,39.1218,-77.5202
MD,39.1804,-77.5092
MD,39.2269,-77.4577
MD,39.3051,-77.5666
MD,39.3067,-77.6321
MD,39.3202,-77.7159
MD,39.3383,-77.7626
MD,39.381,-77.7544
MD,39.4288,-77.7602
MD,39.4367,-77.8038
MD,39.4606,-77.7997
MD,39.5019,-77.7859
MD,39.5062,-77.8436
MD,39.521,-77.8217
MD,39.5337,-77.8354
MD,39.5231,-77.8656
MD,39.5591,-77.8848
MD,39.6015,-77.8821
MD,39.6078,-77.9974
MD,39.6247,-78.0222
MD,39.6924,-78.143
MD,39.6945,-78.1924
MD,39.6839,-78.2062
MD,39.6839,-78.2419
MD,39.6586,-78.2281
MD,39.6226,-78.2776
MD,39.6438,-78.3517
MD,39.612,-78.3765
MD,39.6036,-78.4067
MD,39.5824,-78.4177
MD,39.575,-78.4245
MD,39.5464,-78.4232
MD,39.5146,-78.4698
MD,39.5189,-78.5687
MD,39.5337,-78.6676
MD,39.5888,-78.739
MD,39.6015,-78.772
MD,39.6184,-78.7363
MD,39.6438,-78.7775
MD,39.6036,-78.7912
MD,39.6036,-78.8187
MD,39.5549,-78.8571
MD,39.4913,-78.9203
MD,39.4426,-78.9725
MD,39.4834,-79.0542
MD,39.4738,-79.0604
MD,39.4553,-79.1043
MD,39.3853,-79.1936
MD,39.3449,-79.2705
MD,39.3014,-79.3282
MD,39.2535,-79.4044
MD,39.2073,-79.4696
MD,39.2051,-79.4861
MD,39.2546,-79.4861
MD,39.3444,-79.4854
MD,39.3454,-79.484
MD,39.5316,-79.4833
MD,39.7214,-79.4772
ME,45.3425,-71.0129
ME,45.3328,-70.9525
ME,45.2294,-70.8618
ME,45.3917,-70.8247
ME,45.4274,-70.7808
ME,45.383,-70.638
ME,45.5092,-70.719
ME,45.6544,-70.5721
ME,45.7292,-70.3894
ME,45.7924,-70.4169
ME,45.9368,-70.2493
ME,45.9597,-70.3098
ME,46.0923,-70.2946
ME,46.0989,-70.2589
ME,46.1342,-70.2466
ME,46.1903,-70.2905
ME,46.271,-70.2466
ME,46.327,-70.204
ME,46.4151,-70.0571
ME,46.6956,-69.9994
ME,47.455,-69.2303
ME,47.4132,-69.0381
ME,47.2578,-69.0504
ME,47.1748,-68.8843
ME,47.2643,-68.6206
ME,47.3546,-68.335
ME,47.3165,-68.1564
ME,47.1038,-67.8804
ME,47.0664,-67.7898
ME,45.9359,-67.7802
ME,45.9177,-67.7527
ME,45.7599,-67.809
ME,45.6208,-67.6524
ME,45.5987,-67.4533
ME,45.5044,-67.4176
ME,45.4823,-67.5014
ME,45.3714,-67.4231
ME,45.2768,-67.4863
ME,45.1297,-67.3434
ME,45.183,-67.2487
ME,45.123,-67.1223
ME,44.8315,-66.9672
ME,44.7409,-66.8628
ME,44.4945,-67.3105
ME,44.3268,-67.9051
ME,43.8702,-68.6673
ME,43.7274,-68.8431
ME,43.6639,-69.7137
ME,43.5625,-70.0818
ME,42.9182,-70.5569
ME,43.0649,-70.7108
ME,43.1391,-70.8302
ME,43.2292,-70.8179
ME,43.3631,-70.9799
ME,43.5675,-70.9717
ME,45.3029,-71.0829
MI,48.3033,-88.3713
MI,48.0101,-87.605
MI,46.8902,-84.8584
MI,46.6362,-84.765
MI,46.4606,-84.5563
MI,46.4525,-84.478
MI,46.4894,-84.445
MI,46.5008,-84.4203
MI,46.4989,-84.3956
MI,46.5093,-84.375
MI,46.5069,-84.3386
MI,46.4927,-84.2905
MI,46.4951,-84.2651
MI,46.5343,-84.2253
MI,46.5404,-84.1951
MI,46.5272,-84.1779
MI,46.5348,-84.1347
MI,46.5041,-84.1113
MI,46.4189,-84.1457
MI,46.372,-84.1395
MI,46.3218,-84.1058
MI,46.3147,-84.1203
MI,46.2672,-84.1148
MI,46.2563,-84.0969
MI,46.2411,-84.1093
MI,46.2098,-84.0859
MI,46.1879,-84.0777
MI,46.1508,-84.0097
MI,46.118,-84.007
MI,46.1018,-83.9761
MI,46.057,-83.9555
MI,46.0604,-83.904
MI,46.1185,-83.8264
MI,46.1028,-83.7598
MI,46.1218,-83.6547
MI,46.1056,-83.5723
MI,45.9993,-83.4343
MI,45.8211,-83.5977
MI,45.3396,-82.5197
MI,43.5918,-82.1221
MI,43.0112,-82.4119
MI,42.9956,-82.4249
MI,42.9579,-82.4236
MI,42.9021,-82.4648
MI,42.8543,-82.4689
MI,42.81,-82.4826
MI,42.7863,-82.4723
MI,42.7339,-82.4847
MI,42.6855,-82.5032
MI,42.638,-82.5108
MI,42.6036,-82.5307
MI,42.5672,-82.5774
MI,42.549,-82.5993
MI,42.5521,-82.6501
MI,42.5354,-82.668
MI,42.4746,-82.7257
MI,42.4726,-82.725
MI,42.3738,-82.828
MI,42.3469,-82.944
MI,42.3382,-82.955
MI,42.3098,-83.0779
MI,42.2392,-83.1294
MI,42.1741,-83.1342
MI,42.1267,-83.1212
MI,42.0411,-83.1493
MI,41.96,-83.1116
MI,41.7344,-83.4164
MI,41.7211,-83.8724
MI,41.7057,-84.3736
MI,41.6965,-84.8062
MI,41.7611,-84.8076
MI,41.7621,-87.2067
MI,42.4934,-87.0241
MI,43.3771,-87.1477
MI,43.7056,-87.1216
MI,43.9958,-87.0474
MI,44.1674,-86.9939
MI,44.472,-86.8662
MI,44.8841,-86.6849
MI,45.0813,-86.5009
MI,45.2353,-86.2495
MI,45.4438,-86.7563
MI,45.4438,-87.0996
MI,45.3772,-87.1518
MI,45.3502,-87.171
MI,45.2401,-87.3166
MI,45.2024,-87.4059
MI,45.0774,-87.4416
MI,45.091,-87.5912
MI,45.1036,-87.6407
MI,45.2207,-87.697
MI,45.3367,-87.6476
MI,45.3878,-87.6984
MI,45.3425,-87.8494
MI,45.5025,-87.7959
MI,45.6726,-87.789
MI,45.757,-87.9318
MI,45.7953,-87.9922
MI,45.8058,-88.1186
MI,45.8585,-88.087
MI,45.9531,-88.1955
MI,45.9722,-88.3438
MI,45.9836,-88.3891
MI,46.0113,-88.5457
MI,45.997,-88.7022
MI,46.0227,-88.8135
MI,46.0418,-88.8547
MI,46.1408,-89.0936
MI,46.3384,-90.1222
MI,46.5692,-90.4175
MI,46.9034,-90.2019
MI,47.2913,-89.9547
MI,48.0129,-89.4946
MI,47.9743,-89.3381
MI,48.2448,-88.6761
MI,48.3042,-88.3726
MN,43.5008,-96.4517
MN,43.5017,-91.2195
MN,43.8226,-91.3101
MN,43.9651,-91.4914
MN,44.1113,-91.7084
MN,44.2806,-91.8951
MN,44.371,-91.9556
MN,44.4357,-92.2083
MN,44.5513,-92.336
MN,44.6501,-92.6367
MN,44.7877,-92.7658
MN,45.3135,-92.7081
MN,45.4505,-92.6532
MN,45.6083,-92.8482
MN,45.8307,-92.7356
MN,45.976,-92.5159
MN,46.0151,-92.3566
MN,46.0789,-92.2934
MN,46.5957,-92.2879
MN,47.3072,-90.6564
MN,47.2885,-89.9615
MN,48.012,-89.4919
MN,48.0193,-89.7583
MN,48.0285,-89.9931
MN,48.0827,-90.0261
MN,48.1074,-90.1758
MN,48.0955,-90.3502
MN,48.1074,-90.4834
MN,48.1175,-90.5644
MN,48.0928,-90.7471
MN,48.1588,-90.7759
MN,48.2402,-90.8405
MN,48.2174,-90.9792
MN,48.0726,-91.3252
MN,48.0505,-91.5738
MN,48.1166,-91.707
MN,48.1963,-91.7166
MN,48.2494,-91.9844
MN,48.3188,-92.0078
MN,48.3544,-92.0531
MN,48.3599,-92.1561
MN,48.3307,-92.2975
MN,48.2475,-92.2742
MN,48.2228,-92.3717
MN,48.3854,-92.4609
MN,48.4474,-92.5104
MN,48.4611,-92.7122
MN,48.4984,-92.634
MN,48.5403,-92.6395
MN,48.6393,-93.2066
MN,48.5884,-93.4648
MN,48.5439,-93.4621
MN,48.5166,-93.8013
MN,48.6284,-93.8356
MN,48.6547,-94.2531
MN,48.7046,-94.2792
MN,48.6982,-94.4467
MN,48.7861,-94.6925
MN,48.8756,-94.6788
MN,49.0955,-94.7488
MN,49.1889,-94.7955
MN,49.3189,-94.8175
MN,49.3815,-94.9631
MN,49.3538,-95.04
MN,49.3681,-95.1196
MN,49.3877,-95.1553
MN,48.9991,-95.1553
MN,49.0,-97.2304
MN,48.8647,-97.1851
MN,48.7806,-97.1576
MN,48.6683,-97.104
MN,48.5539,-97.1645
MN,48.2832,-97.1411
MN,48.1578,-97.1397
MN,47.9633,-97.0587
MN,47.7098,-96.9434
MN,47.5821,-96.8582
MN,47.2345,-96.8335
MN,46.6702,-96.8005
MN,46.5135,-96.7126
MN,46.2786,-96.6028
MN,46.0189,-96.5767
MN,45.8173,-96.5891
MN,45.6169,-96.8486
MN,45.4601,-96.7456
MN,45.3676,-96.5918
MN,45.2961,-96.4558
MN,43.5008,-96.4531
MO,40.6181,-91.7468
MO,40.5597,-91.6809
MO,40.5472,-91.626
MO,40.4658,-91.5463
MO,40.3675,-91.4337
MO,40.1663,-91.5161
MO,39.9866,-91.49
MO,39.8634,-91.4447
MO,39.7283,-91.3623
MO,39.6861,-91.3074
MO,39.5464,-91.1096
MO,39.4022,-90.9558
MO,39.245,-90.7306
MO,38.9893,-90.6812
MO,38.8697,-90.5878
MO,38.9722,-90.4504
MO,38.8868,-90.1813
MO,38.8269,-90.1154
MO,38.7155,-90.1978
MO,38.4149,-90.3186
MO,38.2597,-90.379
MO,37.9572,-89.9341
MO,37.6925,-89.5331
MO,37.4007,-89.4287
MO,37.2784,-89.5386
MO,37.1734,-89.4452
MO,37.0859,-89.3793
MO,36.9938,-89.2859
MO,37.0311,-89.1829
MO,36.9839,-89.1403
MO,36.9466,-89.1005
MO,36.7884,-89.1788
MO,36.6288,-89.2035
MO,36.5449,-89.2516
MO,36.6188,-89.3532
MO,36.5538,-89.4397
MO,36.4942,-89.5358
MO,36.3594,-89.5331
MO,36.2509,-89.5345
MO,36.0891,-89.61
MO,36.0002,-89.7116
MO,35.9958,-90.3735
MO,36.1223,-90.2747
MO,36.2886,-90.0934
MO,36.3903,-90.0769
MO,36.4213,-90.1538
MO,36.5008,-90.1538
MO,36.4975,-94.6184
MO,38.9722,-94.6143
MO,39.1982,-94.6143
MO,39.1684,-94.7241
MO,39.279,-94.8834
MO,39.5612,-95.1086
MO,39.7283,-94.8834
MO,39.8296,-94.8944
MO,39.8845,-94.9384
MO,39.8971,-95.0153
MO,39.8718,-95.0922
MO,40.0066,-95.3119
MO,40.246,-95.4794
MO,40.3256,-95.6635
MO,40.5879,-95.7527
MO,40.5795,-94.3135
MO,40.5962,-92.5818
MO,40.614,-91.7358
MS,35.0041,-90.3049
MS,35.0075,-88.1955
MS,34.8882,-88.0994
MS,34.7044,-88.1241
MS,33.6661,-88.2573
MS,31.8939,-88.4756
MS,30.8657,-88.418
MS,30.1594,-88.385
MS,30.0905,-88.8327
MS,30.2104,-89.187
MS,30.157,-89.4919
MS,30.1796,-89.5757
MS,30.3326,-89.6457
MS,30.5232,-89.7748
MS,30.6663,-89.8531
MS,30.9988,-89.7377
MS,30.9988,-91.6287
MS,31.0341,-91.5601
MS,31.1106,-91.6273
MS,31.1658,-91.5916
MS,31.2304,-91.6589
MS,31.2656,-91.6452
MS,31.2609,-91.5436
MS,31.3724,-91.5271
MS,31.4099,-91.5161
MS,31.5071,-91.512
MS,31.5692,-91.4502
MS,31.623,-91.5147
MS,31.6253,-91.3966
MS,31.7936,-91.3513
MS,31.8589,-91.2744
MS,31.9755,-91.1673
MS,32.0267,-91.0767
MS,32.1198,-91.0767
MS,32.1942,-91.0437
MS,32.2221,-91.0107
MS,32.315,-90.9132
MS,32.3742,-91.0313
MS,32.4263,-91.0217
MS,32.4634,-91.0986
MS,32.607,-91.008
MS,32.5746,-91.1096
MS,32.6394,-91.1536
MS,32.7226,-91.1426
MS,32.7873,-91.1426
MS,32.8519,-91.1536
MS,32.8796,-91.1206
MS,32.9257,-91.2195
MS,32.9995,-91.2085
MS,33.0444,-91.2016
MS,33.1192,-91.2016
MS,33.1835,-91.1041
MS,33.3397,-91.1536
MS,33.4223,-91.1646
MS,33.4337,-91.2291
MS,33.5414,-91.2524
MS,33.6135,-91.1838
MS,33.6878,-91.2524
MS,33.6969,-91.1261
MS,33.7883,-91.1426
MS,33.77,-91.0437
MS,33.8339,-91.0327
MS,33.8795,-91.0657
MS,33.9434,-91.0876
MS,33.9889,-90.9998
MS,34.0253,-90.9229
MS,34.0891,-90.9009
MS,34.1345,-90.9668
MS,34.1709,-90.9119
MS,34.1345,-90.8501
MS,34.2277,-90.9338
MS,34.2833,-90.8267
MS,34.3434,-90.6921
MS,34.3774,-90.6509
MS,34.3978,-90.6152
MS,34.4432,-90.5589
MS,34.5179,-90.574
MS,34.588,-90.5823
MS,34.7506,-90.5356
MS,34.7913,-90.5136
MS,34.878,-90.4532
MS,34.8476,-90.3543
MS,34.8702,-90.2911
MS,35.0041,-90.3062
MT,44.475,-111.0512
MT,44.7311,-111.3684
MT,44.6198,-111.5071
MT,44.5386,-111.4673
MT,44.5151,-111.8285
MT,44.5592,-111.8848
MT,44.5229,-112.1127
MT,44.5367,-112.327
MT,44.4475,-112.3901
MT,44.4896,-112.7293
MT,44.4181,-112.8296
MT,44.3563,-112.8529
MT,44.4857,-113.0205
MT,44.5905,-113.0713
MT,44.7389,-113.1152
MT,44.8091,-113.2471
MT,44.7887,-113.3459
MT,44.9386,-113.497
MT,45.0269,-113.4229
MT,45.2749,-113.7085
MT,45.4447,-113.7964
MT,45.614,-113.8403
MT,45.6908,-113.9722
MT,45.5631,-114.1315
MT,45.5525,-114.2358
MT,45.4592,-114.3347
MT,45.5439,-114.4652
MT,45.5583,-114.5668
MT,45.6755,-114.5215
MT,45.7733,-114.5641
MT,45.8613,-114.4391
MT,45.9989,-114.4817
MT,46.1237,-114.5132
MT,46.2577,-114.4652
MT,46.3441,-114.4171
MT,46.453,-114.3896
MT,46.5069,-114.3484
MT,46.6504,-114.3279
MT,46.6334,-114.4652
MT,46.6362,-114.5929
MT,46.7003,-114.7659
MT,46.8423,-114.9307
MT,47.0402,-115.1147
MT,47.1888,-115.2933
MT,47.2569,-115.329
MT,47.3025,-115.5267
MT,47.4253,-115.7547
MT,47.5487,-115.7533
MT,47.5793,-115.6956
MT,47.9771,-116.0458
MT,48.9991,-116.0458
MT,48.9991,-104.0501
MT,45.0269,-104.0186
MT,45.0153,-104.0186
MT,44.9978,-104.0199
MT,44.9959,-111.0498
MT,44.475,-111.0512
NC,33.7963,-78.485
NC,34.8037,-79.6742
NC,34.8206,-80.8003
NC,34.9377,-80.788
NC,35.1019,-80.9377
NC,35.0356,-81.0379
NC,35.1457,-81.0324
NC,35.166,-81.3867
NC,35.1985,-82.2739
NC,35.2041,-82.3933
NC,35.0637,-82.7765
NC,35.0817,-82.7861
NC,34.9996,-83.1075
NC,34.9918,-83.6183
NC,34.9918,-84.3201
NC,35.2131,-84.2885
NC,35.268,-84.2226
NC,35.231,-84.1113
NC,35.2815,-84.0454
NC,35.4058,-84.0248
NC,35.4719,-83.9424
NC,35.5166,-83.8559
NC,35.5512,-83.6938
NC,35.568,-83.5181
NC,35.6327,-83.3849
NC,35.7142,-83.2475
NC,35.7799,-82.9962
NC,35.8445,-82.9276
NC,35.9224,-82.8191
NC,35.9958,-82.771
NC,36.0613,-82.6419
NC,35.9702,-82.6103
NC,35.9547,-82.5677
NC,36.0236,-82.473
NC,36.0669,-82.4194
NC,36.1168,-82.3535
NC,36.1345,-82.2862
NC,36.1467,-82.1461
NC,36.1035,-82.1228
NC,36.1268,-82.0267
NC,36.2797,-81.936
NC,36.3527,-81.7987
NC,36.3361,-81.7081
NC,36.588,-81.6724
NC,36.5659,-80.7234
NC,36.5438,-80.2977
NC,36.5449,-79.6729
NC,36.5449,-77.2559
NC,36.5505,-75.7562
NC,36.3129,-75.7068
NC,35.7131,-75.4129
NC,35.2041,-75.472
NC,34.9794,-76.0748
NC,34.5258,-76.4951
NC,34.588,-76.8109
NC,34.5314,-77.1378
NC,34.391,-77.4481
NC,34.0481,-77.7983
NC,33.7666,-77.926
NC,33.7963,-78.4863
ND,48.9955,-104.0501
ND,45.9445,-104.0446
ND,45.934,-96.5671
ND,46.3242,-96.6028
ND,46.6636,-96.7978
ND,46.8602,-96.7896
ND,46.9503,-96.7896
ND,47.13,-96.8335
ND,47.2345,-96.8335
ND,47.4132,-96.8555
ND,47.5469,-96.8555
ND,47.6506,-96.8774
ND,47.9918,-97.0601
ND,48.1267,-97.126
ND,48.2859,-97.1109
ND,48.4301,-97.1233
ND,48.553,-97.1425
ND,48.6765,-97.0999
ND,48.7326,-97.1356
ND,48.7951,-97.1727
ND,48.9081,-97.229
ND,48.9982,-97.2331
ND,48.9946,-104.0501
NE,42.9986,-104.0543
NE,41.0027,-104.0543
NE,41.0006,-102.0506
NE,40.0034,-102.0493
NE,39.9992,-95.3091
NE,40.2397,-95.4808
NE,40.313,-95.647
NE,40.4302,-95.6689
NE,40.59,-95.75
NE,40.6827,-95.8543
NE,40.8138,-95.8447
NE,40.9654,-95.8324
NE,41.0794,-95.8667
NE,41.2923,-95.8722
NE,41.4458,-95.9354
NE,41.5261,-95.9999
NE,41.638,-96.0988
NE,41.7703,-96.0686
NE,41.8368,-96.1084
NE,41.9677,-96.1372
NE,42.033,-96.2402
NE,42.1155,-96.2746
NE,42.2021,-96.3583
NE,42.2448,-96.3281
NE,42.389,-96.4188
NE,42.4731,-96.4037
NE,42.5369,-96.6357
NE,42.6057,-96.7099
NE,42.6532,-96.6893
NE,42.6602,-96.7621
NE,42.7147,-96.839
NE,42.7571,-96.9763
NE,42.8085,-97.2029
NE,42.8458,-97.229
NE,42.8629,-97.3979
NE,42.8427,-97.5133
NE,42.8488,-97.6149
NE,42.8659,-97.8456
NE,42.747,-97.998
NE,42.8337,-98.145
NE,42.9293,-98.4485
NE,42.9966,-98.502
NE,43.0006,-104.0543
NH,45.0153,-71.5045
NH,45.0532,-71.4977
NH,45.091,-71.4619
NH,45.152,-71.4276
NH,45.2043,-71.396
NH,45.2362,-71.4455
NH,45.2372,-71.3878
NH,45.271,-71.3617
NH,45.3029,-71.2834
NH,45.2507,-71.2299
NH,45.2391,-71.1818
NH,45.2478,-71.1584
NH,45.2469,-71.1337
NH,45.2846,-71.1145
NH,45.3058,-71.0843
NH,44.923,-71.0527
NH,44.3592,-71.0143
NH,43.7364,-70.984
NH,43.5704,-70.9731
NH,43.3621,-70.9813
NH,43.2942,-70.903
NH,43.2272,-70.8083
NH,43.1411,-70.8261
NH,43.1,-70.7671
NH,43.0498,-70.697
NH,42.9222,-70.5583
NH,42.876,-70.6146
NH,42.8599,-70.8467
NH,42.886,-70.9195
NH,42.8105,-71.0609
NH,42.8125,-71.142
NH,42.7904,-71.1873
NH,42.7349,-71.1832
NH,42.745,-71.2463
NH,42.6986,-71.2972
NH,42.7077,-71.7421
NH,42.7268,-72.459
NH,42.7621,-72.5098
NH,42.8105,-72.5414
NH,42.8609,-72.5592
NH,42.8981,-72.5317
NH,42.9524,-72.54
NH,42.9745,-72.4919
NH,42.9906,-72.4658
NH,43.0127,-72.448
NH,43.0287,-72.4713
NH,43.0508,-72.4713
NH,43.0819,-72.4356
NH,43.104,-72.4452
NH,43.118,-72.4342
NH,43.1501,-72.459
NH,43.2052,-72.4329
NH,43.2562,-72.4384
NH,43.2812,-72.4095
NH,43.3741,-72.415
NH,43.4988,-72.3807
NH,43.5127,-72.4013
NH,43.5834,-72.3779
NH,43.642,-72.3134
NH,43.6758,-72.3024
NH,43.7036,-72.3079
NH,43.7344,-72.2694
NH,43.7741,-72.2035
NH,43.8187,-72.187
NH,43.8672,-72.1843
NH,43.889,-72.1568
NH,43.9117,-72.1321
NH,43.9454,-72.1198
NH,44.0017,-72.117
NH,44.0856,-72.047
NH,44.1093,-72.0552
NH,44.1428,-72.0387
NH,44.1763,-72.058
NH,44.1999,-72.0703
NH,44.2511,-72.0525
NH,44.2796,-72.0607
NH,44.3199,-72.0291
NH,44.3376,-71.9783
NH,44.3592,-71.9289
NH,44.3366,-71.8712
NH,44.3572,-71.8135
NH,44.3877,-71.8108
NH,44.4014,-71.7778
NH,44.4122,-71.738
NH,44.4416,-71.6597
NH,44.4642,-71.6542
NH,44.5073,-71.5855
NH,44.5357,-71.5746
NH,44.5601,-71.6048
NH,44.568,-71.5897
NH,44.568,-71.5649
NH,44.5914,-71.5485
NH,44.5993,-71.5649
NH,44.6315,-71.554
NH,44.6608,-71.5924
NH,44.7243,-71.613
NH,44.7526,-71.6364
NH,44.8198,-71.5746
NH,44.8325,-71.5526
NH,44.8539,-71.5553
NH,44.8744,-71.5279
NH,44.9123,-71.5018
NH,44.9366,-71.5182
NH,44.9697,-71.5237
NH,44.9862,-71.5443
NH,45.0017,-71.5237
NH,45.0163,-71.5045
NJ,41.3572,-74.695
NJ,41.3394,-74.6559
NJ,40.9934,-73.894
NJ,40.8398,-73.9586
NJ,40.7691,-74.0094
NJ,40.6994,-74.0231
NJ,40.6786,-74.0437
NJ,40.6515,-74.0808
NJ,40.6421,-74.1357
NJ,40.6452,-74.1962
NJ,40.5952,-74.2003
NJ,40.5566,-74.2195
NJ,40.4877,-74.2552
NJ,40.4762,-74.2264
NJ,40.5253,-73.9503
NJ,40.4846,-73.8885
NJ,40.0045,-73.9352
NJ,39.6131,-74.041
NJ,39.4744,-74.2209
NJ,38.9882,-74.6713
NJ,38.8664,-74.8553
NJ,38.8472,-75.0476
NJ,39.0565,-75.1685
NJ,39.2525,-75.325
NJ,39.45,-75.5544
NJ,39.4966,-75.5612
NJ,39.4998,-75.5283
NJ,39.5411,-75.5338
NJ,39.5761,-75.509
NJ,39.6237,-75.5708
NJ,39.6713,-75.5104
NJ,39.7167,-75.4843
NJ,39.8033,-75.4156
NJ,39.836,-75.2632
NJ,39.8823,-75.1918
NJ,40.118,-74.7922
NJ,40.139,-74.7331
NJ,40.2565,-74.8485
NJ,40.3361,-74.9419
NJ,40.402,-74.9721
NJ,40.424,-75.0627
NJ,40.4898,-75.0613
NJ,40.5733,-75.1067
NJ,40.5639,-75.2138
NJ,40.6192,-75.2028
NJ,40.6494,-75.2069
NJ,40.8284,-75.0806
NJ,40.8429,-75.0998
NJ,40.8689,-75.0504
NJ,40.9913,-75.1369
NJ,41.2293,-74.8677
NJ,41.3479,-74.7537
NJ,41.3469,-74.7249
NJ,41.3593,-74.696
NM,36.9971,-109.0448
NM,31.3337,-109.0489
NM,31.3349,-108.214
NM,31.7795,-108.2071
NM,31.783,-106.5317
NM,32.0034,-106.6223
NM,31.9999,-103.0696
NM,36.9982,-103.0023
NM,36.9982,-109.0475
NV,41.9922,-120.0037
NV,42.0003,-117.9602
NV,42.0003,-117.0264
NV,42.0003,-115.73
NV,41.9952,-114.0436
NV,38.2856,-114.0546
NV,36.1955,-114.0491
NV,36.1334,-114.0985
NV,36.1068,-114.126
NV,36.0891,-114.115
NV,36.0313,-114.1534
NV,36.0136,-114.2468
NV,36.0624,-114.3292
NV,36.1024,-114.3237
NV,36.1434,-114.3896
NV,36.129,-114.5105
NV,36.1467,-114.5215
NV,36.1556,-114.5654
NV,36.1334,-114.6204
NV,36.1157,-114.6863
NV,36.0979,-114.7742
NV,36.058,-114.7357
NV,36.0447,-114.7522
NV,35.9691,-114.7412
NV,35.898,-114.7028
NV,35.8757,-114.6588
NV,35.8579,-114.7083
NV,35.8267,-114.6973
NV,35.8089,-114.7192
NV,35.6618,-114.6973
NV,35.6037,-114.6478
NV,35.5814,-114.6863
NV,35.5233,-114.6533
NV,35.5054,-114.6863
NV,35.407,-114.6149
NV,35.3218,-114.5929
NV,35.1783,-114.5737
NV,35.1199,-114.6094
NV,35.1109,-114.6368
NV,35.0929,-114.6368
NV,35.075,-114.6039
NV,35.048,-114.6259
NV,35.0345,-114.6478
NV,35.003,-114.6423
NV,35.1334,-114.8016
NV,37.2303,-117.5153
NV,39.0,-120.0009
NV,41.9942,-119.9982
NY,42.5142,-79.7624
NY,42.7783,-79.0672
NY,42.8508,-78.9313
NY,42.9061,-78.9024
NY,42.9554,-78.9313
NY,42.9584,-78.9656
NY,42.9886,-79.0219
NY,43.0568,-79.0027
NY,43.0769,-79.0727
NY,43.122,-79.0713
NY,43.1441,-79.0302
NY,43.1801,-79.0576
NY,43.2482,-79.0604
NY,43.2812,-79.0837
NY,43.4509,-79.2004
NY,43.6311,-78.6909
NY,43.6321,-76.7958
NY,43.9987,-76.4978
NY,44.0965,-76.4388
NY,44.1349,-76.3536
NY,44.1989,-76.3124
NY,44.2049,-76.2437
NY,44.2413,-76.1655
NY,44.2973,-76.1353
NY,44.3327,-76.0474
NY,44.3553,-75.9856
NY,44.3749,-75.9196
NY,44.3994,-75.873
NY,44.4308,-75.8221
NY,44.474,-75.8098
NY,44.5425,-75.7288
NY,44.6647,-75.5585
NY,44.7672,-75.4088
NY,44.8101,-75.3442
NY,44.8383,-75.3058
NY,44.8676,-75.2399
NY,44.9211,-75.1204
NY,44.9609,-74.9995
NY,44.9803,-74.9899
NY,44.9852,-74.9103
NY,45.0017,-74.8856
NY,45.0153,-74.8306
NY,45.0046,-74.7633
NY,45.0027,-74.707
NY,45.0007,-74.5642
NY,44.992,-74.1467
NY,45.0037,-73.7306
NY,45.0085,-73.4203
NY,45.0109,-73.343
NY,44.9874,-73.3547
NY,44.9648,-73.3379
NY,44.916,-73.3396
NY,44.8354,-73.3739
NY,44.8013,-73.3324
NY,44.7419,-73.3667
NY,44.6139,-73.3873
NY,44.5787,-73.3736
NY,44.4916,-73.3049
NY,44.4289,-73.2953
NY,44.3513,-73.3365
NY,44.2757,-73.3118
NY,44.198,-73.3818
NY,44.1142,-73.4079
NY,44.0511,-73.4367
NY,44.0165,-73.4065
NY,43.9375,-73.4079
NY,43.8771,-73.3749
NY,43.8167,-73.3914
NY,43.779,-73.3557
NY,43.646,-73.4244
NY,43.5893,-73.434
NY,43.5655,-73.3969
NY,43.6112,-73.3818
NY,43.6271,-73.3049
NY,43.5764,-73.3063
NY,43.5675,-73.2582
NY,43.5227,-73.2445
NY,43.2582,-73.2582
NY,42.9715,-73.2733
NY,42.8004,-73.2898
NY,42.746,-73.2664
NY,42.463,-73.3708
NY,42.084,-73.5095
NY,42.0218,-73.4903
NY,41.8808,-73.4999
NY,41.2953,-73.5535
NY,41.2128,-73.4834
NY,41.1011,-73.7275
NY,41.0237,-73.6644
NY,40.9851,-73.6578
NY,40.9509,-73.6132
NY,41.1869,-72.4823
NY,41.2551,-72.095
NY,41.3005,-71.9714
NY,41.3108,-71.9193
NY,41.1838,-71.7915
NY,41.1249,-71.7929
NY,41.0462,-71.7517
NY,40.6306,-72.9465
NY,40.5368,-73.4628
NY,40.4887,-73.8885
NY,40.5232,-73.949
NY,40.4772,-74.2271
NY,40.4861,-74.2532
NY,40.6468,-74.1866
NY,40.6556,-74.0547
NY,40.7618,-74.0156
NY,40.8699,-73.9421
NY,40.998,-73.8934
NY,41.0343,-73.9854
NY,41.3268,-74.6274
NY,41.3583,-74.7084
NY,41.3811,-74.7101
NY,41.4386,-74.8265
NY,41.5075,-74.9913
NY,41.6,-75.0668
NY,41.6719,-75.0366
NY,41.7672,-75.0545
NY,41.8808,-75.1945
NY,42.0013,-75.3552
NY,42.0003,-75.4266
NY,42.0013,-77.0306
NY,41.9993,-79.725
NY,42.0003,-79.7621
NY,42.1827,-79.7621
NY,42.5146,-79.7621
OH,38.4385,-82.3425
OH,38.5707,-82.2917
OH,38.5965,-82.1722
OH,38.7712,-82.1997
OH,39.0181,-82.0294
OH,38.875,-81.8729
OH,38.9359,-81.7644
OH,39.1865,-81.7397
OH,39.2812,-81.568
OH,39.4022,-81.4444
OH,39.346,-81.3661
OH,39.4479,-81.1244
OH,39.5549,-81.0352
OH,39.6565,-80.8374
OH,39.8676,-80.7948
OH,40.5941,-80.652
OH,40.6223,-80.5188
OH,42.321,-80.5229
OH,42.2153,-81.2521
OH,41.9962,-81.6806
OH,41.9962,-81.7094
OH,41.677,-82.3961
OH,41.6709,-82.6845
OH,41.9585,-83.1157
OH,41.7314,-83.4219
OH,41.6944,-84.8021
OH,39.1056,-84.8172
OH,39.1407,-84.7444
OH,39.096,-84.5068
OH,39.0459,-84.4052
OH,38.9434,-84.2857
OH,38.8055,-84.2432
OH,38.7712,-84.0866
OH,38.7519,-83.8916
OH,38.633,-83.6636
OH,38.6962,-83.5263
OH,38.5976,-83.2736
OH,38.6169,-83.1445
OH,38.7027,-83.0127
OH,38.7327,-82.8973
OH,38.5782,-82.8355
OH,38.3761,-82.5952
OK,37.0015,-103.0051
OK,36.503,-103.0037
OK,36.4986,-100.0003
OK,34.562,-99.9934
OK,34.3763,-99.6172
OK,34.4137,-99.5787
OK,34.3763,-99.429
OK,34.4534,-99.3823
OK,34.3616,-99.2505
OK,34.2129,-99.1818
OK,34.1982,-98.9648
OK,34.1232,-98.7424
OK,34.1254,-98.557
OK,34.0618,-98.4746
OK,34.1414,-98.3743
OK,34.1118,-98.1793
OK,34.006,-98.0818
OK,33.8966,-97.9843
OK,33.8487,-97.8662
OK,33.9798,-97.6932
OK,33.8841,-97.4529
OK,33.8282,-97.4611
OK,33.8237,-97.3622
OK,33.9001,-97.2166
OK,33.7426,-97.1645
OK,33.7392,-97.093
OK,33.9354,-96.9173
OK,33.8704,-96.8527
OK,33.8271,-96.7484
OK,33.8202,-96.5602
OK,33.7769,-96.5053
OK,33.6912,-96.3474
OK,33.8522,-96.0205
OK,33.8396,-95.8379
OK,33.8887,-95.7349
OK,33.8841,-95.5426
OK,33.8738,-95.2831
OK,33.957,-95.2171
OK,33.867,-95.0496
OK,33.7677,-94.8862
OK,33.6695,-94.6692
OK,33.6386,-94.4852
OK,35.3499,-94.4357
OK,36.3715,-94.5978
OK,36.4942,-94.6198
OK,36.9982,-94.6211
OK,37.0004,-103.0064
OR,46.2587,-124.2444
OR,46.2634,-124.0384
OR,46.2891,-124.0205
OR,46.2407,-123.9368
OR,46.2388,-123.8681
OR,46.2691,-123.739
OR,46.252,-123.6868
OR,46.2596,-123.6456
OR,46.2577,-123.5468
OR,46.2672,-123.4863
OR,46.2369,-123.4287
OR,46.1817,-123.4287
OR,46.1513,-123.3765
OR,46.1494,-123.3051
OR,46.1874,-123.1512
OR,46.138,-123.0222
OR,46.098,-122.9398
OR,46.0551,-122.8848
OR,45.9588,-122.8189
OR,45.9053,-122.8162
OR,45.8824,-122.7887
OR,45.8173,-122.7969
OR,45.7637,-122.7585
OR,45.6851,-122.775
OR,45.6505,-122.753
OR,45.6064,-122.5937
OR,45.5679,-122.4426
OR,45.5756,-122.3712
OR,45.5506,-122.3245
OR,45.5641,-122.2064
OR,45.5987,-122.0856
OR,45.6659,-121.8933
OR,45.6812,-121.8906
OR,45.7081,-121.8164
OR,45.6966,-121.756
OR,45.7254,-121.5335
OR,45.6928,-121.3907
OR,45.7081,-121.3646
OR,45.6582,-121.2039
OR,45.6083,-121.1957
OR,45.6102,-121.1462
OR,45.6524,-121.0803
OR,45.6582,-121.0144
OR,45.6467,-120.9814
OR,45.6563,-120.943
OR,45.6371,-120.91
OR,45.6755,-120.8524
OR,45.7445,-120.6052
OR,45.7158,-120.531
OR,45.6966,-120.4733
OR,45.7234,-120.2893
OR,45.7234,-120.2124
OR,45.7714,-120.1575
OR,45.8211,-119.968
OR,45.8498,-119.7839
OR,45.8575,-119.6658
OR,45.9149,-119.6136
OR,45.9244,-119.5724
OR,45.911,-119.5258
OR,45.9378,-119.2676
OR,45.9168,-119.1687
OR,45.9779,-119.0149
OR,46.0027,-118.9847
OR,45.997,-116.9165
OR,45.9569,-116.8781
OR,45.8957,-116.8588
OR,45.8747,-116.8066
OR,45.8307,-116.7902
OR,45.8192,-116.7654
OR,45.8231,-116.7105
OR,45.7828,-116.6748
OR,45.7828,-116.6144
OR,45.7522,-116.543
OR,45.6889,-116.5402
OR,45.6121,-116.4606
OR,45.5006,-116.5567
OR,45.464,-116.5567
OR,45.4447,-116.5869
OR,45.3213,-116.6721
OR,45.2633,-116.694
OR,45.1414,-116.7325
OR,45.1065,-116.7764
OR,45.0696,-116.7847
OR,45.0231,-116.8451
OR,44.9765,-116.8616
OR,44.9298,-116.8286
OR,44.7955,-116.9302
OR,44.7487,-117.0346
OR,44.5787,-117.1225
OR,44.5455,-117.1445
OR,44.4847,-117.2076
OR,44.4789,-117.2269
OR,44.4063,-117.2269
OR,44.3926,-117.2488
OR,44.3455,-117.1939
OR,44.2983,-117.2269
OR,44.257,-117.1774
OR,44.2609,-117.1445
OR,44.2806,-117.1005
OR,44.2314,-117.0511
OR,44.2491,-117.0428
OR,44.2432,-116.9797
OR,44.194,-116.9742
OR,44.1664,-116.8945
OR,44.0935,-116.933
OR,44.0836,-116.9714
OR,44.0521,-116.9879
OR,44.0244,-116.9302
OR,43.9533,-116.9659
OR,43.8207,-117.0209
OR,43.6639,-117.0264
OR,42.0024,-117.0264
OR,41.9983,-121.2836
OR,42.0085,-122.5003
OR,42.0064,-123.0798
OR,42.0105,-123.154
OR,42.0044,-123.2419
OR,42.0024,-123.6209
OR,41.9952,-124.3982
OR,42.1593,-124.5493
OR,42.6521,-124.5877
OR,42.8115,-124.7305
OR,43.7552,-124.4119
OR,46.0065,-124.2554
OR,46.2587,-124.2444
PA,42.3261,-80.5174
PA,42.3961,-80.0821
PA,42.5167,-79.7621
PA,42.0003,-79.7607
PA,41.9983,-75.358
PA,41.9431,-75.2673
PA,41.8696,-75.1794
PA,41.7713,-75.0586
PA,41.6729,-75.0366
PA,41.6021,-75.0641
PA,41.5086,-74.9927
PA,41.4283,-74.7935
PA,41.3933,-74.707
PA,41.2282,-74.8608
PA,40.983,-75.1355
PA,40.8554,-75.049
PA,40.6806,-75.1904
PA,40.5639,-75.2124
PA,40.5743,-75.1025
PA,40.5013,-75.06
PA,40.4208,-75.0655
PA,40.4072,-74.9776
PA,40.3392,-74.9432
PA,40.2628,-74.8389
PA,40.1495,-74.7221
PA,39.9592,-75.0929
PA,39.837,-75.2577
PA,39.8128,-75.4321
PA,39.8317,-75.6477
PA,39.7199,-75.7892
PA,39.722,-80.5243
PA,42.324,-80.5202
RI,41.3706,-71.0568
RI,41.3706,-71.0541
RI,41.6339,-71.1447
RI,41.6791,-71.1942
RI,41.7611,-71.2793
RI,41.7775,-71.3315
RI,41.7918,-71.3425
RI,41.8225,-71.3507
RI,41.8512,-71.337
RI,41.888,-71.3397
RI,41.9288,-71.3837
RI,42.0156,-71.3795
RI,42.0064,-71.7984
RI,41.675,-71.7874
RI,41.453,-71.7984
RI,41.3943,-71.8492
RI,41.3315,-71.852
RI,41.3057,-71.9041
RI,41.1849,-71.7915
RI,41.2665,-71.4084
SC,32.0488,-80.7001
SC,32.0453,-80.8978
SC,32.1105,-81.1134
SC,32.2058,-81.1423
SC,32.3846,-81.1821
SC,32.4576,-81.1986
SC,32.5283,-81.2769
SC,32.5838,-81.4087
SC,32.6926,-81.4183
SC,32.8242,-81.4746
SC,32.9465,-81.5117
SC,33.0098,-81.5034
SC,33.0777,-81.601
SC,33.1238,-81.7122
SC,33.2065,-81.8289
SC,33.3443,-81.9319
SC,33.483,-82.028
SC,33.586,-82.1475
SC,33.6878,-82.2437
SC,33.7609,-82.2437
SC,33.8305,-82.3576
SC,33.9308,-82.5018
SC,33.965,-82.5471
SC,34.0947,-82.6625
SC,34.1664,-82.7216
SC,34.3434,-82.793
SC,34.4647,-82.8905
SC,34.476,-82.9893
SC,34.5281,-83.0855
SC,34.6581,-83.3121
SC,34.7326,-83.3588
SC,34.8318,-83.2983
SC,34.9276,-83.1459
SC,34.9996,-83.1047
SC,35.0817,-82.7779
SC,35.2075,-82.392
SC,35.1974,-82.2203
SC,35.148,-81.0379
SC,35.0446,-81.0324
SC,35.1019,-80.9322
SC,34.9344,-80.7811
SC,34.8194,-80.7948
SC,34.8048,-79.6756
SC,34.2016,-78.956
SC,33.7951,-78.4836
SC,33.6489,-78.7871
SC,33.2019,-79.0837
SC,32.7607,-79.4476
SC,32.5225,-79.8116
SC,32.3556,-80.1508
SC,32.2012,-80.424
SC,32.05,-80.7001
SD,45.9435,-104.0501
SD,43.0026,-104.0529
SD,42.9946,-98.4993
SD,42.9283,-98.4444
SD,42.8438,-98.1958
SD,42.7773,-98.0571
SD,42.7631,-97.9761
SD,42.8599,-97.8566
SD,42.8518,-97.229
SD,42.8075,-97.2057
SD,42.7157,-96.8486
SD,42.5237,-96.622
SD,42.4772,-96.4806
SD,42.7299,-96.6289
SD,43.0046,-96.5039
SD,43.1331,-96.438
SD,43.2262,-96.5561
SD,43.3841,-96.5259
SD,43.4848,-96.6138
SD,43.4998,-96.4558
SD,45.2981,-96.4545
SD,45.4601,-96.7429
SD,45.616,-96.8472
SD,45.8202,-96.5849
SD,45.9311,-96.5643
SD,45.9416,-104.0501
TN,36.6739,-88.0678
TN,36.6354,-87.8522
TN,36.6023,-83.6787
TN,36.5946,-81.9402
TN,36.6144,-81.9209
TN,36.6111,-81.6518
TN,36.3295,-81.7163
TN,36.3516,-81.7973
TN,36.2974,-81.9072
TN,36.1212,-82.0308
TN,36.1024,-82.1255
TN,36.1434,-82.1475
TN,36.1323,-82.245
TN,36.1168,-82.3521
TN,36.0702,-82.4167
TN,35.9669,-82.5389
TN,35.9702,-82.6076
TN,36.0602,-82.6378
TN,35.9925,-82.7751
TN,35.9169,-82.8177
TN,35.8623,-82.9042
TN,35.7755,-83.0017
TN,35.7131,-83.2393
TN,35.5635,-83.4961
TN,35.5501,-83.6938
TN,35.5233,-83.8284
TN,35.5065,-83.8847
TN,35.4014,-84.0248
TN,35.2905,-84.0276
TN,35.2322,-84.1113
TN,35.2624,-84.2294
TN,35.2198,-84.2926
TN,34.9884,-84.3201
TN,34.9996,-90.3131
TN,35.1233,-90.2843
TN,35.1379,-90.1758
TN,35.1985,-90.1112
TN,35.2849,-90.1524
TN,35.4372,-90.1346
TN,35.5568,-90.0192
TN,35.7343,-89.9547
TN,35.8579,-89.7638
TN,35.918,-89.6635
TN,35.9947,-89.713
TN,36.0902,-89.6759
TN,36.1279,-89.5894
TN,36.1856,-89.6484
TN,36.2343,-89.7006
TN,36.2531,-89.5331
TN,36.2996,-89.621
TN,36.3494,-89.5784
TN,36.3406,-89.518
TN,36.4964,-89.5345
TN,36.5107,-89.3051
TN,36.4986,-88.1667
TN,36.4997,-88.0692
TN,36.6871,-88.0637
TX,31.8659,-106.5715
TX,31.7504,-106.5042
TX,31.6242,-106.3092
TX,31.4638,-106.2103
TX,31.3912,-106.0181
TX,31.1846,-105.7874
TX,31.0012,-105.5663
TX,30.8456,-105.4015
TX,30.6462,-105.0032
TX,30.3847,-104.8521
TX,30.2591,-104.7437
TX,30.0738,-104.6915
TX,29.9169,-104.6777
TX,29.7644,-104.5679
TX,29.6475,-104.528
TX,29.5603,-104.4044
TX,29.4719,-104.2067
TX,29.3834,-104.1559
TX,29.2948,-103.9774
TX,29.2804,-103.9128
TX,29.2481,-103.8208
TX,29.1378,-103.564
TX,29.0682,-103.4692
TX,29.0105,-103.3154
TX,28.9601,-103.1616
TX,29.0177,-103.0957
TX,29.133,-103.0298
TX,29.2157,-102.8677
TX,29.2565,-102.8979
TX,29.357,-102.8375
TX,29.4898,-102.8004
TX,29.6881,-102.7002
TX,29.7691,-102.5134
TX,29.7596,-102.3843
TX,29.8788,-102.3047
TX,29.7834,-102.1509
TX,29.7572,-101.7004
TX,29.7644,-101.4917
TX,29.6308,-101.2939
TX,29.5269,-101.2582
TX,29.3642,-101.0056
TX,29.3056,-100.9204
TX,29.1642,-100.7707
TX,29.0946,-100.7007
TX,28.9012,-100.6306
TX,28.6593,-100.4974
TX,28.4675,-100.3601
TX,28.2778,-100.2969
TX,28.1882,-100.1733
TX,28.0526,-100.0195
TX,27.9435,-99.9344
TX,27.7638,-99.8438
TX,27.6641,-99.7119
TX,27.4839,-99.4812
TX,27.3059,-99.5375
TX,27.1948,-99.429
TX,27.0175,-99.4455
TX,26.8829,-99.3164
TX,26.6867,-99.2065
TX,26.4116,-99.0967
TX,26.3574,-98.8138
TX,26.2257,-98.6668
TX,26.2343,-98.5474
TX,26.1357,-98.3276
TX,26.0457,-98.1697
TX,26.0518,-97.9143
TX,26.005,-97.6643
TX,25.8419,-97.402
TX,25.9074,-97.3526
TX,25.9679,-97.0148
TX,26.1789,-97.0697
TX,26.8253,-97.2249
TX,27.423,-97.0752
TX,28.0599,-96.6096
TX,28.4228,-95.9285
TX,28.7568,-95.3036
TX,29.0742,-94.7296
TX,29.381,-94.3355
TX,29.6021,-93.8205
TX,29.8013,-93.9317
TX,29.9157,-93.8136
TX,30.0489,-93.723
TX,30.1214,-93.6996
TX,30.2021,-93.7216
TX,30.2792,-93.7038
TX,30.3278,-93.7628
TX,30.3835,-93.7587
TX,30.438,-93.701
TX,30.5079,-93.7024
TX,30.5362,-93.7299
TX,30.6296,-93.6694
TX,30.7466,-93.609
TX,30.8114,-93.5527
TX,30.8834,-93.5747
TX,30.9376,-93.5307
TX,31.0318,-93.5074
TX,31.0812,-93.5266
TX,31.1787,-93.5335
TX,31.167,-93.598
TX,31.3055,-93.6832
TX,31.383,-93.6708
TX,31.4369,-93.6887
TX,31.5107,-93.7202
TX,31.582,-93.8315
TX,31.644,-93.8123
TX,31.7188,-93.8232
TX,31.7936,-93.8342
TX,31.8309,-93.8782
TX,31.8869,-93.9221
TX,31.9335,-93.9661
TX,32.0081,-94.043
TX,33.4681,-94.043
TX,33.5414,-94.043
TX,33.5689,-94.1528
TX,33.5872,-94.1968
TX,33.5872,-94.2627
TX,33.5689,-94.3176
TX,33.5597,-94.3945
TX,33.578,-94.4275
TX,33.6055,-94.4275
TX,33.6421,-94.4495
TX,33.6329,-94.4879
TX,33.6421,-94.5236
TX,33.6695,-94.6637
TX,33.7061,-94.7461
TX,33.7791,-94.8999
TX,33.8818,-95.0757
TX,33.9251,-95.1526
TX,33.9604,-95.2254
TX,33.875,-95.2858
TX,33.8841,-95.5399
TX,33.8887,-95.7568
TX,33.8408,-95.842
TX,33.8556,-96.0274
TX,33.6901,-96.3528
TX,33.8442,-96.6179
TX,33.8898,-96.5836
TX,33.8955,-96.6673
TX,33.8179,-96.7538
TX,33.8613,-96.8335
TX,33.8613,-96.8774
TX,33.9388,-96.9159
TX,33.7392,-97.0917
TX,33.7449,-97.1645
TX,33.8978,-97.218
TX,33.8225,-97.3746
TX,33.8305,-97.4611
TX,33.8761,-97.446
TX,33.9798,-97.6945
TX,33.8476,-97.8648
TX,33.8978,-97.9651
TX,34.0299,-98.0983
TX,34.1141,-98.1752
TX,34.1425,-98.3743
TX,34.064,-98.4773
TX,34.1209,-98.5529
TX,34.1232,-98.752
TX,34.2095,-98.9539
TX,34.2073,-99.0637
TX,34.2141,-99.1832
TX,34.3593,-99.2505
TX,34.4613,-99.3823
TX,34.3774,-99.4318
TX,34.416,-99.5718
TX,34.3706,-99.6158
TX,34.4726,-99.8094
TX,34.5631,-99.9934
TX,36.4975,-100.0017
TX,36.5008,-103.0408
TX,32.0011,-103.0655
TX,32.0023,-106.6168
UT,36.9982,-114.0491
UT,37.0026,-109.0462
UT,40.9986,-109.0503
UT,41.0006,-111.0471
UT,41.9993,-111.0498
UT,41.9901,-114.0395
UT,37.0015,-114.0504
VA,36.6017,-83.6753
VA,36.6519,-83.5613
VA,36.6673,-83.4432
VA,36.7108,-83.308
VA,36.7389,-83.1974
VA,36.7433,-83.1363
VA,36.8032,-83.1047
VA,36.8302,-83.1033
VA,36.8544,-83.0704
VA,36.8478,-83.0127
VA,36.9839,-82.8534
VA,37.0086,-82.7971
VA,37.0442,-82.736
VA,37.2664,-82.3494
VA,37.3046,-82.3027
VA,37.5054,-82.0136
VA,37.538,-81.9681
VA,37.5139,-81.9259
VA,37.4889,-81.9707
VA,37.4563,-81.98
VA,37.4389,-81.9374
VA,37.3592,-81.9319
VA,37.3134,-81.8619
VA,37.2872,-81.7987
VA,37.2424,-81.7259
VA,37.2008,-81.6792
VA,37.2083,-81.5549
VA,37.2588,-81.4988
VA,37.2456,-81.4856
VA,37.2742,-81.4367
VA,37.3243,-81.3675
VA,37.2653,-81.2741
VA,37.2719,-81.156
VA,37.3025,-80.9802
VA,37.3396,-80.8566
VA,37.3876,-80.8786
VA,37.4247,-80.8511
VA,37.3702,-80.7715
VA,37.4749,-80.5518
VA,37.4792,-80.5133
VA,37.4247,-80.4803
VA,37.5097,-80.3018
VA,37.5359,-80.2798
VA,37.538,-80.3293
VA,37.6316,-80.2249
VA,37.6903,-80.3018
VA,37.7251,-80.2551
VA,37.7707,-80.2551
VA,37.8347,-80.1961
VA,37.8749,-80.1508
VA,38.0394,-79.9722
VA,38.1302,-79.9448
VA,38.1972,-79.9063
VA,38.2684,-79.7882
VA,38.3093,-79.8129
VA,38.3589,-79.7662
VA,38.3513,-79.7401
VA,38.3869,-79.7333
VA,38.4321,-79.6893
VA,38.4987,-79.6948
VA,38.5857,-79.6495
VA,38.5492,-79.5328
VA,38.4557,-79.4724
VA,38.4149,-79.3103
VA,38.5138,-79.2087
VA,38.6576,-79.1016
VA,38.6941,-79.0851
VA,38.7112,-79.1016
VA,38.7712,-79.0576
VA,38.7926,-79.0604
VA,38.7926,-79.0247
VA,38.8504,-78.9944
VA,38.7637,-78.8736
VA,38.8857,-78.783
VA,38.9327,-78.7198
VA,38.9071,-78.7129
VA,38.985,-78.6291
VA,38.9658,-78.6044
VA,39.017,-78.5522
VA,39.0384,-78.577
VA,39.0938,-78.5083
VA,39.1492,-78.4314
VA,39.1684,-78.4039
VA,39.1939,-78.4314
VA,39.347,-78.338
VA,39.3853,-78.338
VA,39.4659,-78.3469
VA,39.2283,-77.9744
VA,39.1338,-77.8302
VA,39.313,-77.7355
VA,39.3213,-77.709
VA,39.3043,-77.6218
VA,39.3067,-77.5686
VA,39.2248,-77.4567
VA,39.1543,-77.5226
VA,39.1277,-77.5243
VA,39.0914,-77.4687
VA,39.072,-77.4485
VA,39.0634,-77.3427
VA,39.0456,-77.2936
VA,39.0168,-77.2459
VA,38.9829,-77.2445
VA,38.968,-77.1834
VA,38.925,-77.112
VA,38.8798,-77.0464
VA,38.7538,-77.0444
VA,38.7142,-77.0409
VA,38.6635,-77.1312
VA,38.6319,-77.1285
VA,38.5935,-77.2456
VA,38.4547,-77.3094
VA,38.3904,-77.3046
VA,38.35,-77.2188
VA,38.4041,-77.0622
VA,38.4256,-77.0265
VA,38.3039,-76.9826
VA,38.2155,-76.8851
VA,38.1745,-76.5926
VA,37.9496,-76.2424
VA,37.9561,-76.0501
VA,37.9474,-75.9416
VA,37.9085,-75.9512
VA,37.9139,-75.8002
VA,37.9539,-75.6931
VA,37.9474,-75.6477
VA,37.9962,-75.6258
VA,38.0091,-75.4596
VA,38.0373,-74.9707
VA,37.3625,-75.5777
VA,36.8994,-75.818
VA,36.5516,-75.8043
VA,36.5516,-76.1476
VA,36.5516,-76.8617
VA,36.5516,-76.918
VA,36.5438,-76.918
VA,36.5505,-77.1803
VA,36.5449,-77.5278
VA,36.5427,-80.273
VA,36.5571,-80.5971
VA,36.5626,-80.7248
VA,36.5593,-80.8511
VA,36.5681,-81.1066
VA,36.5813,-81.4746
VA,36.5802,-81.5007
VA,36.5902,-81.6792
VA,36.6122,-81.6476
VA,36.6177,-81.9237
VA,36.5935,-81.936
VA,36.5957,-82.3961
VA,36.5935,-82.9344
VA,36.5957,-83.2654
VA,36.6023,-83.6746
VT,45.0104,-73.3427
VT,45.0134,-73.1827
VT,45.0153,-72.7432
VT,45.0134,-72.61
VT,45.0075,-72.5551
VT,45.009,-72.4562
VT,45.0037,-72.3113
VT,45.0066,-72.0964
VT,45.007,-71.9131
VT,45.0138,-71.5636
VT,45.0138,-71.5059
VT,44.9748,-71.5294
VT,44.9123,-71.4949
VT,44.8296,-71.5567
VT,44.7506,-71.6281
VT,44.7077,-71.6061
VT,44.6481,-71.5677
VT,44.5817,-71.5388
VT,44.5533,-71.6006
VT,44.5308,-71.5746
VT,44.4955,-71.5883
VT,44.4504,-71.6556
VT,44.4093,-71.7146
VT,44.3975,-71.7957
VT,44.3563,-71.8163
VT,44.3327,-71.8698
VT,44.3484,-71.9138
VT,44.3386,-71.9865
VT,44.3052,-72.0346
VT,44.2432,-72.0428
VT,44.193,-72.0662
VT,44.1349,-72.036
VT,44.0698,-72.058
VT,44.0017,-72.1101
VT,43.9671,-72.0937
VT,43.9088,-72.1252
VT,43.8682,-72.1733
VT,43.7899,-72.1994
VT,43.7899,-72.1994
VT,43.7384,-72.2392
VT,43.7056,-72.301
VT,43.6391,-72.3271
VT,43.5893,-72.3436
VT,43.5814,-72.3793
VT,43.5027,-72.3972
VT,43.4988,-72.3807
VT,43.415,-72.3999
VT,43.3601,-72.4123
VT,43.3591,-72.3903
VT,43.3282,-72.4081
VT,43.2762,-72.3999
VT,43.2342,-72.437
VT,43.1852,-72.4493
VT,43.1311,-72.448
VT,43.0679,-72.4507
VT,43.0067,-72.4438
VT,42.9846,-72.4699
VT,42.9645,-72.5276
VT,42.8951,-72.5331
VT,42.8639,-72.5633
VT,42.7863,-72.5098
VT,42.7652,-72.5166
VT,42.7541,-72.4741
VT,42.7289,-72.459
VT,42.7465,-73.2761
VT,42.8025,-73.2912
VT,42.8357,-73.285
VT,43.0679,-73.2678
VT,43.5022,-73.2472
VT,43.5615,-73.2561
VT,43.5774,-73.2939
VT,43.6271,-73.3049
VT,43.6271,-73.3557
VT,43.5675,-73.3976
VT,43.5883,-73.4326
VT,43.6351,-73.4285
VT,43.6684,-73.4079
VT,43.7031,-73.3907
VT,43.7701,-73.3516
VT,43.8207,-73.3928
VT,43.8533,-73.3832
VT,43.9033,-73.3969
VT,43.9365,-73.4086
VT,43.9795,-73.4134
VT,44.0427,-73.4381
VT,44.1058,-73.4141
VT,44.1921,-73.3928
VT,44.2393,-73.3427
VT,44.2467,-73.3186
VT,44.3484,-73.3406
VT,44.369,-73.3385
VT,44.4328,-73.2946
VT,44.5367,-73.3296
VT,44.5919,-73.3832
VT,44.6569,-73.377
VT,44.7477,-73.3681
VT,44.7857,-73.3317
VT,44.8043,-73.3324
VT,44.8398,-73.3818
VT,44.904,-73.3564
VT,44.9181,-73.3392
VT,44.9643,-73.3372
VT,44.9799,-73.3537
VT,45.0046,-73.3447
VT,45.0109,-73.3447
VT,45.0104,-73.3426
WA,49.0023,-123.3208
WA,49.0027,-123.0338
WA,49.0018,-122.065
WA,48.9973,-121.7491
WA,48.9991,-121.5912
WA,49.0009,-119.6082
WA,49.0005,-118.0378
WA,48.9996,-117.0319
WA,47.9614,-117.0415
WA,46.506,-117.0394
WA,46.4274,-117.0394
WA,46.3498,-117.0621
WA,46.3384,-117.0277
WA,46.2848,-116.9879
WA,46.2388,-116.9577
WA,46.2022,-116.9659
WA,46.1722,-116.9254
WA,46.1432,-116.9357
WA,46.1009,-116.9584
WA,46.0785,-116.9762
WA,46.0537,-116.9433
WA,45.996,-116.9165
WA,46.0008,-118.033
WA,45.9998,-118.9867
WA,45.932,-119.1302
WA,45.9278,-119.1708
WA,45.9402,-119.2559
WA,45.9354,-119.3047
WA,45.922,-119.3644
WA,45.9172,-119.4386
WA,45.9067,-119.4894
WA,45.9249,-119.5724
WA,45.9196,-119.6013
WA,45.8565,-119.67
WA,45.8479,-119.8052
WA,45.8278,-119.9096
WA,45.8245,-119.9652
WA,45.7852,-120.071
WA,45.7623,-120.1705
WA,45.7258,-120.211
WA,45.7057,-120.3628
WA,45.6951,-120.4829
WA,45.7469,-120.5942
WA,45.746,-120.634
WA,45.7143,-120.6924
WA,45.6721,-120.8558
WA,45.6409,-120.9142
WA,45.6572,-120.9471
WA,45.6419,-120.9787
WA,45.6529,-121.0645
WA,45.6078,-121.1469
WA,45.6083,-121.1847
WA,45.6721,-121.2177
WA,45.7057,-121.3392
WA,45.6932,-121.401
WA,45.7263,-121.5328
WA,45.7091,-121.6145
WA,45.6947,-121.7361
WA,45.7067,-121.8095
WA,45.6452,-121.9338
WA,45.6088,-122.0451
WA,45.5833,-122.1089
WA,45.5838,-122.1426
WA,45.566,-122.2009
WA,45.5439,-122.2641
WA,45.5482,-122.3321
WA,45.5756,-122.3795
WA,45.5636,-122.4392
WA,45.6006,-122.5676
WA,45.6236,-122.6891
WA,45.6582,-122.7647
WA,45.6817,-122.775
WA,45.7613,-122.7619
WA,45.8106,-122.7962
WA,45.8642,-122.7839
WA,45.912,-122.8114
WA,45.9612,-122.8148
WA,46.016,-122.8587
WA,46.0604,-122.8848
WA,46.0832,-122.9034
WA,46.1028,-122.9597
WA,46.1556,-123.0579
WA,46.1865,-123.121
WA,46.1893,-123.1664
WA,46.1446,-123.281
WA,46.147,-123.3703
WA,46.1822,-123.4314
WA,46.2293,-123.4287
WA,46.2691,-123.4946
WA,46.2582,-123.5557
WA,46.2573,-123.6209
WA,46.2497,-123.6875
WA,46.2691,-123.7404
WA,46.235,-123.8729
WA,46.2383,-123.9292
WA,46.2677,-123.9711
WA,46.2924,-124.0212
WA,46.2653,-124.0329
WA,46.2596,-124.2444
WA,46.4312,-124.2691
WA,46.8386,-124.3529
WA,47.1832,-124.438
WA,47.4689,-124.5616
WA,47.8012,-124.7566
WA,48.0423,-124.8679
WA,48.2457,-124.8679
WA,48.3727,-124.8486
WA,48.4984,-124.7539
WA,48.4096,-124.4174
WA,48.3599,-124.2389
WA,48.2964,-124.0116
WA,48.2795,-123.9141
WA,48.2247,-123.5413
WA,48.2539,-123.3998
WA,48.2841,-123.2501
WA,48.4233,-123.1169
WA,48.4533,-123.1609
WA,48.5548,-123.222
WA,48.5902,-123.2336
WA,48.6901,-123.2721
WA,48.7675,-123.0084
WA,48.8313,-123.0084
WA,49.0023,-123.3215
WI,42.5116,-90.6303
WI,42.4954,-87.0241
WI,43.3721,-87.1477
WI,43.6838,-87.123
WI,44.1694,-86.9911
WI,44.4828,-86.8579
WI,44.8792,-86.6876
WI,45.2343,-86.2523
WI,45.4418,-86.7535
WI,45.4438,-87.1024
WI,45.3531,-87.1724
WI,45.2401,-87.3193
WI,45.1995,-87.41
WI,45.0784,-87.4443
WI,45.0987,-87.6379
WI,45.2217,-87.6956
WI,45.3367,-87.6462
WI,45.3869,-87.6956
WI,45.3425,-87.8549
WI,45.4813,-87.7945
WI,45.5679,-87.7945
WI,45.6764,-87.7876
WI,45.7934,-87.9936
WI,45.8077,-88.1145
WI,45.8728,-88.0733
WI,45.9521,-88.1982
WI,46.0122,-88.5498
WI,45.997,-88.7036
WI,46.038,-88.8451
WI,46.1389,-89.0909
WI,46.3412,-90.1195
WI,46.5664,-90.4147
WI,47.2876,-89.9615
WI,47.31,-90.6578
WI,46.7079,-92.0352
WI,46.5928,-92.2948
WI,46.0761,-92.2975
WI,46.0132,-92.3579
WI,45.9769,-92.5227
WI,45.8135,-92.7466
WI,45.614,-92.8564
WI,45.5477,-92.7754
WI,45.4293,-92.6587
WI,45.3029,-92.7136
WI,44.9648,-92.7466
WI,44.7877,-92.7686
WI,44.653,-92.6422
WI,44.5504,-92.3552
WI,44.4652,-92.2632
WI,44.4024,-92.0654
WI,44.258,-91.8745
WI,44.06,-91.6383
WI,43.9612,-91.4941
WI,43.8296,-91.3184
WI,43.644,-91.2524
WI,43.5167,-91.2305
WI,43.3342,-91.2085
WI,43.2932,-91.0547
WI,43.1651,-91.1865
WI,43.0257,-91.1536
WI,42.9082,-91.1426
WI,42.7692,-91.0547
WI,42.6915,-90.791
WI,42.634,-90.7031
WI,42.5096,-90.6303
WV,39.7188,-79.4765
WV,39.2057,-79.4806
WV,39.4871,-79.0576
WV,39.4394,-78.9725
WV,39.6438,-78.7747
WV,39.5369,-78.6703
WV,39.521,-78.5742
WV,39.521,-78.4644
WV,39.6015,-78.4094
WV,39.6395,-78.3517
WV,39.6205,-78.2817
WV,39.6839,-78.2405
WV,39.6935,-78.1732
WV,39.5972,-77.8835
WV,39.4987,-77.7859
WV,39.3279,-77.731
WV,39.1279,-77.8271
WV,39.4563,-78.3421
WV,39.3407,-78.3408
WV,39.1918,-78.4341
WV,39.1652,-78.4053
WV,39.0299,-78.5715
WV,39.016,-78.5522
WV,38.8846,-78.7843
WV,38.7669,-78.8722
WV,38.8451,-78.9917
WV,38.7102,-79.0974
WV,38.6555,-79.1029
WV,38.4106,-79.3007
WV,38.46,-79.4792
WV,38.5342,-79.5314
WV,38.5868,-79.6481
WV,38.4869,-79.6962
WV,38.4213,-79.6989
WV,38.3557,-79.769
WV,38.2813,-79.7937
WV,38.1518,-79.9365
WV,38.0232,-79.9818
WV,37.8835,-80.137
WV,37.7295,-80.2592
WV,37.6795,-80.2881
WV,37.6295,-80.2194
WV,37.5391,-80.3224
WV,37.5315,-80.2881
WV,37.4988,-80.3032
WV,37.4182,-80.4776
WV,37.4814,-80.5119
WV,37.3691,-80.7715
WV,37.4214,-80.8635
WV,37.3429,-80.8525
WV,37.2872,-81.0516
WV,37.2598,-81.2741
WV,37.3254,-81.3675
WV,37.2019,-81.5543
WV,37.1953,-81.6724
WV,37.2697,-81.7685
WV,37.3003,-81.8701
WV,37.3636,-81.9333
WV,37.4574,-81.9772
WV,37.4912,-82.0308
WV,37.6142,-82.1558
WV,37.8054,-82.3535
WV,38.0481,-82.5513
WV,38.1864,-82.6392
WV,38.3761,-82.5966
WV,38.4106,-82.4854
WV,38.4407,-82.3412
WV,38.589,-82.2876
WV,38.5976,-82.1764
WV,38.798,-82.2148
WV,39.016,-82.028
WV,38.9615,-81.9649
WV,38.875,-81.8756
WV,38.937,-81.7671
WV,39.0117,-81.7657
WV,39.08,-81.752
WV,39.179,-81.7465
WV,39.2642,-81.5872
WV,39.3969,-81.4499
WV,39.3481,-81.3675
WV,39.4012,-81.237
WV,39.4691,-81.1093
WV,39.5644,-81.0104
WV,39.612,-80.9198
WV,39.6522,-80.8319
WV,39.8054,-80.8072
WV,39.8802,-80.7893
WV,39.8518,-80.799
WV,40.098,-80.7495
WV,40.2282,-80.7262
WV,40.3926,-80.6918
WV,40.591,-80.6451
WV,40.6338,-80.5188
WV,39.7241,-80.5174
WV,39.7209,-79.4778
WY,41.0037,-104.0556
WY,44.9949,-104.0584
WY,44.9998,-111.0539
WY,40.9986,-111.0457
WY,41.0006,-104.0556
